index,centre,time_extract,consume,cost,num_occupation,num_students,num_staff,today_consume,today_occupation,today_person,yesteday_consume,yesterday_occupation,yesterday_person
0,AP ARQ. LOPEZ OTERO,2018-01-01 1:00,10,618.58,0,0,0,10,0,"",11,1,""
1,AP ARQ. LOPEZ OTERO,2018-01-01 2:00,10,618.58,3,3,0,20,3,3.3333333333333335,11,4,2.4760427691070803
2,AP ARQ. LOPEZ OTERO,2018-01-01 3:00,10,618.58,3,3,0,30,6,3.3333333333333335,11,4,2.4760427691070803
3,AP ARQ. LOPEZ OTERO,2018-01-01 4:00,10,618.58,5,3,2,40,11,2.0,11,6,1.1427094357737468
4,AP ARQ. LOPEZ OTERO,2018-01-01 5:00,9,618.58,6,3,3,49,17,1.5,10,7,0.6427094357737468
5,AP ARQ. LOPEZ OTERO,2018-01-01 6:00,9,618.58,3,3,0,58,20,3.0,10,4,2.142709435773747
6,AP ARQ. LOPEZ OTERO,2018-01-01 7:00,8,618.58,0,0,0,66,20,"",9,1,""
7,AP ARQ. LOPEZ OTERO,2018-01-01 8:00,8,618.58,0,0,0,74,20,"",9,1,""
8,AP ARQ. LOPEZ OTERO,2018-01-01 9:00,8,618.58,1,1,0,82,21,8.0,9,2,7.142709435773747
9,AP ARQ. LOPEZ OTERO,2018-01-01 10:00,8,618.58,4,4,0,90,25,2.0,9,5,1.1427094357737468
10,AP ARQ. LOPEZ OTERO,2018-01-01 11:00,9,618.58,1,1,0,99,26,9.0,10,2,8.142709435773746
11,AP ARQ. LOPEZ OTERO,2018-01-01 12:00,8,618.58,3,3,0,107,29,2.6666666666666665,9,4,1.8093761024404134
12,AP ARQ. LOPEZ OTERO,2018-01-01 13:00,8,618.58,6,3,3,115,35,1.3333333333333333,9,7,0.4760427691070801
13,AP ARQ. LOPEZ OTERO,2018-01-01 14:00,8,618.58,5,1,4,123,40,1.6,9,6,0.7427094357737469
14,AP ARQ. LOPEZ OTERO,2018-01-01 15:00,9,618.58,1,1,0,132,41,9.0,10,2,8.142709435773746
15,AP ARQ. LOPEZ OTERO,2018-01-01 16:00,8,618.58,5,2,3,140,46,1.6,9,6,0.7427094357737469
16,AP ARQ. LOPEZ OTERO,2018-01-01 17:00,8,618.58,2,2,0,148,48,4.0,9,3,3.142709435773747
17,AP ARQ. LOPEZ OTERO,2018-01-01 18:00,8,618.58,1,0,1,156,49,8.0,9,2,7.142709435773747
18,AP ARQ. LOPEZ OTERO,2018-01-01 19:00,3,618.58,3,1,2,159,52,1.0,4,4,0.14270943577374684
19,AP ARQ. LOPEZ OTERO,2018-01-01 20:00,3,618.58,0,0,0,162,52,"",4,1,""
20,AP ARQ. LOPEZ OTERO,2018-01-01 21:00,3,618.58,2,2,0,165,54,1.5,4,3,0.6427094357737468
21,AP ARQ. LOPEZ OTERO,2018-01-01 22:00,3,618.58,4,0,4,168,58,0.75,4,5,-0.10729056422625316
22,AP ARQ. LOPEZ OTERO,2018-01-01 23:00,2,618.58,6,3,3,170,64,0.3333333333333333,3,7,-0.5239572308929199
23,AP ARQ. LOPEZ OTERO,2018-01-02 0:00,3,618.58,0,0,0,173,64,"",4,1,""
24,AP ARQ. LOPEZ OTERO,2018-01-02 1:00,9,618.58,1,1,0,182,65,9.0,10,2,8.142709435773746
25,AP ARQ. LOPEZ OTERO,2018-01-02 2:00,9,618.58,3,2,1,191,68,3.0,10,4,2.142709435773747
26,AP ARQ. LOPEZ OTERO,2018-01-02 3:00,8,618.58,2,1,1,199,70,4.0,9,3,3.142709435773747
27,AP ARQ. LOPEZ OTERO,2018-01-02 4:00,8,618.58,1,1,0,207,71,8.0,9,2,7.142709435773747
28,AP ARQ. LOPEZ OTERO,2018-01-02 5:00,9,618.58,1,0,1,216,72,9.0,10,2,8.142709435773746
29,AP ARQ. LOPEZ OTERO,2018-01-02 6:00,9,618.58,0,0,0,225,72,"",10,1,""
30,AP ARQ. LOPEZ OTERO,2018-01-02 7:00,8,618.58,6,4,2,233,78,1.3333333333333333,9,7,0.4760427691070801
31,AP ARQ. LOPEZ OTERO,2018-01-02 8:00,8,618.58,2,1,1,241,80,4.0,9,3,3.142709435773747
32,AP ARQ. LOPEZ OTERO,2018-01-02 9:00,3,618.58,1,1,0,244,81,3.0,4,2,2.142709435773747
33,AP ARQ. LOPEZ OTERO,2018-01-02 10:00,3,618.58,1,1,0,247,82,3.0,4,2,2.142709435773747
34,AP ARQ. LOPEZ OTERO,2018-01-02 11:00,3,618.58,2,1,1,250,84,1.5,4,3,0.6427094357737468
35,AP ARQ. LOPEZ OTERO,2018-01-02 12:00,3,618.58,1,1,0,253,85,3.0,4,2,2.142709435773747
36,AP ARQ. LOPEZ OTERO,2018-01-02 13:00,3,618.58,1,0,1,256,86,3.0,4,2,2.142709435773747
37,AP ARQ. LOPEZ OTERO,2018-01-02 14:00,3,618.58,3,3,0,259,89,1.0,4,4,0.14270943577374684
38,AP ARQ. LOPEZ OTERO,2018-01-02 15:00,3,618.58,2,1,1,262,91,1.5,4,3,0.6427094357737468
39,AP ARQ. LOPEZ OTERO,2018-01-02 16:00,3,618.58,3,2,1,265,94,1.0,4,4,0.14270943577374684
40,AP ARQ. LOPEZ OTERO,2018-01-02 17:00,2,618.58,0,0,0,267,94,"",3,1,""
41,AP ARQ. LOPEZ OTERO,2018-01-02 18:00,7,618.58,2,1,1,274,96,3.5,8,3,2.642709435773747
42,AP ARQ. LOPEZ OTERO,2018-01-02 19:00,8,618.58,6,5,1,282,102,1.3333333333333333,9,7,0.4760427691070801
43,AP ARQ. LOPEZ OTERO,2018-01-02 20:00,8,618.58,4,0,4,290,106,2.0,9,5,1.1427094357737468
44,AP ARQ. LOPEZ OTERO,2018-01-02 21:00,8,618.58,3,2,1,298,109,2.6666666666666665,9,4,1.8093761024404134
45,AP ARQ. LOPEZ OTERO,2018-01-02 22:00,8,618.58,2,2,0,306,111,4.0,9,3,3.142709435773747
46,AP ARQ. LOPEZ OTERO,2018-01-02 23:00,8,618.58,2,2,0,314,113,4.0,9,3,3.142709435773747
47,AP ARQ. LOPEZ OTERO,2018-01-03 0:00,3,618.58,5,3,2,317,118,0.6,4,6,-0.2572905642262532
48,AP ARQ. LOPEZ OTERO,2018-01-03 1:00,9,618.58,3,3,0,326,121,3.0,10,4,2.142709435773747
49,AP ARQ. LOPEZ OTERO,2018-01-03 2:00,9,618.58,2,1,1,335,123,4.5,10,3,3.642709435773747
50,AP ARQ. LOPEZ OTERO,2018-01-03 3:00,9,618.58,1,1,0,344,124,9.0,10,2,8.142709435773746
51,AP ARQ. LOPEZ OTERO,2018-01-03 4:00,9,618.58,3,1,2,353,127,3.0,10,4,2.142709435773747
52,AP ARQ. LOPEZ OTERO,2018-01-03 5:00,9,618.58,1,0,1,362,128,9.0,10,2,8.142709435773746
53,AP ARQ. LOPEZ OTERO,2018-01-03 6:00,8,618.58,1,1,0,370,129,8.0,9,2,7.142709435773747
54,AP ARQ. LOPEZ OTERO,2018-01-03 7:00,8,618.58,3,3,0,378,132,2.6666666666666665,9,4,1.8093761024404134
55,AP ARQ. LOPEZ OTERO,2018-01-03 8:00,8,618.58,2,1,1,386,134,4.0,9,3,3.142709435773747
56,AP ARQ. LOPEZ OTERO,2018-01-03 9:00,2,618.58,2,2,0,388,136,1.0,3,3,0.14270943577374684
57,AP ARQ. LOPEZ OTERO,2018-01-03 10:00,3,618.58,0,0,0,391,136,"",4,1,""
58,AP ARQ. LOPEZ OTERO,2018-01-03 11:00,2,618.58,1,1,0,393,137,2.0,3,2,1.1427094357737468
59,AP ARQ. LOPEZ OTERO,2018-01-03 12:00,3,618.58,3,2,1,396,140,1.0,4,4,0.14270943577374684
60,AP ARQ. LOPEZ OTERO,2018-01-03 13:00,3,618.58,3,0,3,399,143,1.0,4,4,0.14270943577374684
61,AP ARQ. LOPEZ OTERO,2018-01-03 14:00,3,618.58,1,1,0,402,144,3.0,4,2,2.142709435773747
62,AP ARQ. LOPEZ OTERO,2018-01-03 15:00,3,618.58,3,3,0,405,147,1.0,4,4,0.14270943577374684
63,AP ARQ. LOPEZ OTERO,2018-01-03 16:00,3,618.58,2,0,2,408,149,1.5,4,3,0.6427094357737468
64,AP ARQ. LOPEZ OTERO,2018-01-03 17:00,3,618.58,2,2,0,411,151,1.5,4,3,0.6427094357737468
65,AP ARQ. LOPEZ OTERO,2018-01-03 18:00,9,618.58,1,0,1,420,152,9.0,10,2,8.142709435773746
66,AP ARQ. LOPEZ OTERO,2018-01-03 19:00,9,618.58,3,3,0,429,155,3.0,10,4,2.142709435773747
67,AP ARQ. LOPEZ OTERO,2018-01-03 20:00,9,618.58,5,2,3,438,160,1.8,10,6,0.9427094357737469
68,AP ARQ. LOPEZ OTERO,2018-01-03 21:00,9,618.58,2,2,0,447,162,4.5,10,3,3.642709435773747
69,AP ARQ. LOPEZ OTERO,2018-01-03 22:00,8,618.58,2,1,1,455,164,4.0,9,3,3.142709435773747
70,AP ARQ. LOPEZ OTERO,2018-01-03 23:00,9,618.58,1,1,0,464,165,9.0,10,2,8.142709435773746
71,AP ARQ. LOPEZ OTERO,2018-01-04 0:00,3,618.58,0,0,0,467,165,"",4,1,""
72,AP ARQ. LOPEZ OTERO,2018-01-04 1:00,8,618.58,5,4,1,475,170,1.6,9,6,0.7427094357737469
73,AP ARQ. LOPEZ OTERO,2018-01-04 2:00,8,618.58,4,1,3,483,174,2.0,9,5,1.1427094357737468
74,AP ARQ. LOPEZ OTERO,2018-01-04 3:00,9,618.58,1,1,0,492,175,9.0,10,2,8.142709435773746
75,AP ARQ. LOPEZ OTERO,2018-01-04 4:00,8,618.58,3,3,0,500,178,2.6666666666666665,9,4,1.8093761024404134
76,AP ARQ. LOPEZ OTERO,2018-01-04 5:00,9,618.58,2,2,0,509,180,4.5,10,3,3.642709435773747
77,AP ARQ. LOPEZ OTERO,2018-01-04 6:00,9,618.58,2,1,1,518,182,4.5,10,3,3.642709435773747
78,AP ARQ. LOPEZ OTERO,2018-01-04 7:00,8,618.58,3,2,1,526,185,2.6666666666666665,9,4,1.8093761024404134
79,AP ARQ. LOPEZ OTERO,2018-01-04 8:00,8,618.58,0,0,0,534,185,"",9,1,""
80,AP ARQ. LOPEZ OTERO,2018-01-04 9:00,2,618.58,0,0,0,536,185,"",3,1,""
81,AP ARQ. LOPEZ OTERO,2018-01-04 10:00,2,618.58,1,1,0,538,186,2.0,3,2,1.1427094357737468
82,AP ARQ. LOPEZ OTERO,2018-01-04 11:00,2,618.58,1,1,0,540,187,2.0,3,2,1.1427094357737468
83,AP ARQ. LOPEZ OTERO,2018-01-04 12:00,2,618.58,2,2,0,542,189,1.0,3,3,0.14270943577374684
84,AP ARQ. LOPEZ OTERO,2018-01-04 13:00,2,618.58,3,3,0,544,192,0.6666666666666666,3,4,-0.19062389755958653
85,AP ARQ. LOPEZ OTERO,2018-01-04 14:00,4,618.58,3,1,2,548,195,1.3333333333333333,5,4,0.4760427691070801
86,AP ARQ. LOPEZ OTERO,2018-01-04 15:00,4,618.58,2,0,2,552,197,2.0,5,3,1.1427094357737468
87,AP ARQ. LOPEZ OTERO,2018-01-04 16:00,4,618.58,1,0,1,556,198,4.0,5,2,3.142709435773747
88,AP ARQ. LOPEZ OTERO,2018-01-04 17:00,3,618.58,3,1,2,559,201,1.0,4,4,0.14270943577374684
89,AP ARQ. LOPEZ OTERO,2018-01-04 18:00,8,618.58,0,0,0,567,201,"",9,1,""
90,AP ARQ. LOPEZ OTERO,2018-01-04 19:00,8,618.58,4,4,0,575,205,2.0,9,5,1.1427094357737468
91,AP ARQ. LOPEZ OTERO,2018-01-04 20:00,9,618.58,0,0,0,584,205,"",10,1,""
92,AP ARQ. LOPEZ OTERO,2018-01-04 21:00,9,618.58,3,0,3,593,208,3.0,10,4,2.142709435773747
93,AP ARQ. LOPEZ OTERO,2018-01-04 22:00,9,618.58,3,3,0,602,211,3.0,10,4,2.142709435773747
94,AP ARQ. LOPEZ OTERO,2018-01-04 23:00,9,618.58,4,2,2,611,215,2.25,10,5,1.3927094357737468
95,AP ARQ. LOPEZ OTERO,2018-01-05 0:00,4,618.58,0,0,0,615,215,"",5,1,""
96,AP ARQ. LOPEZ OTERO,2018-01-05 1:00,8,618.58,3,0,3,623,218,2.6666666666666665,9,4,1.8093761024404134
97,AP ARQ. LOPEZ OTERO,2018-01-05 2:00,8,618.58,3,1,2,631,221,2.6666666666666665,9,4,1.8093761024404134
98,AP ARQ. LOPEZ OTERO,2018-01-05 3:00,8,618.58,4,3,1,639,225,2.0,9,5,1.1427094357737468
99,AP ARQ. LOPEZ OTERO,2018-01-05 4:00,8,618.58,3,1,2,647,228,2.6666666666666665,9,4,1.8093761024404134
100,AP ARQ. LOPEZ OTERO,2018-01-05 5:00,8,618.58,2,1,1,655,230,4.0,9,3,3.142709435773747
101,AP ARQ. LOPEZ OTERO,2018-01-05 6:00,8,618.58,3,1,2,663,233,2.6666666666666665,9,4,1.8093761024404134
102,AP ARQ. LOPEZ OTERO,2018-01-05 7:00,9,618.58,1,1,0,672,234,9.0,10,2,8.142709435773746
103,AP ARQ. LOPEZ OTERO,2018-01-05 8:00,8,618.58,4,4,0,680,238,2.0,9,5,1.1427094357737468
104,AP ARQ. LOPEZ OTERO,2018-01-05 9:00,3,618.58,0,0,0,683,238,"",4,1,""
105,AP ARQ. LOPEZ OTERO,2018-01-05 10:00,4,618.58,4,1,3,687,242,1.0,5,5,0.14270943577374684
106,AP ARQ. LOPEZ OTERO,2018-01-05 11:00,3,618.58,4,4,0,690,246,0.75,4,5,-0.10729056422625316
107,AP ARQ. LOPEZ OTERO,2018-01-05 12:00,3,618.58,3,2,1,693,249,1.0,4,4,0.14270943577374684
108,AP ARQ. LOPEZ OTERO,2018-01-05 13:00,3,618.58,3,1,2,696,252,1.0,4,4,0.14270943577374684
109,AP ARQ. LOPEZ OTERO,2018-01-05 14:00,4,618.58,1,1,0,700,253,4.0,5,2,3.142709435773747
110,AP ARQ. LOPEZ OTERO,2018-01-05 15:00,4,618.58,2,0,2,704,255,2.0,5,3,1.1427094357737468
111,AP ARQ. LOPEZ OTERO,2018-01-05 16:00,4,618.58,1,1,0,708,256,4.0,5,2,3.142709435773747
112,AP ARQ. LOPEZ OTERO,2018-01-05 17:00,4,618.58,3,1,2,712,259,1.3333333333333333,5,4,0.4760427691070801
113,AP ARQ. LOPEZ OTERO,2018-01-05 18:00,8,618.58,1,1,0,720,260,8.0,9,2,7.142709435773747
114,AP ARQ. LOPEZ OTERO,2018-01-05 19:00,9,618.58,1,1,0,729,261,9.0,10,2,8.142709435773746
115,AP ARQ. LOPEZ OTERO,2018-01-05 20:00,9,618.58,2,1,1,738,263,4.5,10,3,3.642709435773747
116,AP ARQ. LOPEZ OTERO,2018-01-05 21:00,9,618.58,1,0,1,747,264,9.0,10,2,8.142709435773746
117,AP ARQ. LOPEZ OTERO,2018-01-05 22:00,9,618.58,5,1,4,756,269,1.8,10,6,0.9427094357737469
118,AP ARQ. LOPEZ OTERO,2018-01-05 23:00,8,618.58,2,1,1,764,271,4.0,9,3,3.142709435773747
119,AP ARQ. LOPEZ OTERO,2018-01-06 0:00,4,618.58,0,0,0,768,271,"",5,1,""
120,AP ARQ. LOPEZ OTERO,2018-01-06 1:00,9,618.58,4,4,0,777,275,2.25,10,5,1.3927094357737468
121,AP ARQ. LOPEZ OTERO,2018-01-06 2:00,9,618.58,0,0,0,786,275,"",10,1,""
122,AP ARQ. LOPEZ OTERO,2018-01-06 3:00,9,618.58,1,1,0,795,276,9.0,10,2,8.142709435773746
123,AP ARQ. LOPEZ OTERO,2018-01-06 4:00,9,618.58,3,3,0,804,279,3.0,10,4,2.142709435773747
124,AP ARQ. LOPEZ OTERO,2018-01-06 5:00,9,618.58,3,2,1,813,282,3.0,10,4,2.142709435773747
125,AP ARQ. LOPEZ OTERO,2018-01-06 6:00,9,618.58,3,3,0,822,285,3.0,10,4,2.142709435773747
126,AP ARQ. LOPEZ OTERO,2018-01-06 7:00,8,618.58,2,1,1,830,287,4.0,9,3,3.142709435773747
127,AP ARQ. LOPEZ OTERO,2018-01-06 8:00,8,618.58,2,1,1,838,289,4.0,9,3,3.142709435773747
128,AP ARQ. LOPEZ OTERO,2018-01-06 9:00,8,618.58,3,1,2,846,292,2.6666666666666665,9,4,1.8093761024404134
129,AP ARQ. LOPEZ OTERO,2018-01-06 10:00,8,618.58,7,5,2,854,299,1.1428571428571428,9,8,0.28556657863088963
130,AP ARQ. LOPEZ OTERO,2018-01-06 11:00,9,618.58,1,1,0,863,300,9.0,10,2,8.142709435773746
131,AP ARQ. LOPEZ OTERO,2018-01-06 12:00,8,618.58,2,2,0,871,302,4.0,9,3,3.142709435773747
132,AP ARQ. LOPEZ OTERO,2018-01-06 13:00,8,618.58,6,0,6,879,308,1.3333333333333333,9,7,0.4760427691070801
133,AP ARQ. LOPEZ OTERO,2018-01-06 14:00,8,618.58,3,1,2,887,311,2.6666666666666665,9,4,1.8093761024404134
134,AP ARQ. LOPEZ OTERO,2018-01-06 15:00,9,618.58,2,0,2,896,313,4.5,10,3,3.642709435773747
135,AP ARQ. LOPEZ OTERO,2018-01-06 16:00,8,618.58,1,1,0,904,314,8.0,9,2,7.142709435773747
136,AP ARQ. LOPEZ OTERO,2018-01-06 17:00,8,618.58,2,2,0,912,316,4.0,9,3,3.142709435773747
137,AP ARQ. LOPEZ OTERO,2018-01-06 18:00,8,618.58,1,1,0,920,317,8.0,9,2,7.142709435773747
138,AP ARQ. LOPEZ OTERO,2018-01-06 19:00,4,618.58,3,1,2,924,320,1.3333333333333333,5,4,0.4760427691070801
139,AP ARQ. LOPEZ OTERO,2018-01-06 20:00,4,618.58,1,1,0,928,321,4.0,5,2,3.142709435773747
140,AP ARQ. LOPEZ OTERO,2018-01-06 21:00,4,618.58,3,0,3,932,324,1.3333333333333333,5,4,0.4760427691070801
141,AP ARQ. LOPEZ OTERO,2018-01-06 22:00,4,618.58,6,4,2,936,330,0.6666666666666666,5,7,-0.19062389755958653
142,AP ARQ. LOPEZ OTERO,2018-01-06 23:00,3,618.58,5,4,1,939,335,0.6,4,6,-0.2572905642262532
143,AP ARQ. LOPEZ OTERO,2018-01-07 0:00,4,618.58,6,6,0,943,341,0.6666666666666666,5,7,-0.19062389755958653
144,AP ARQ. LOPEZ OTERO,2018-01-07 1:00,9,618.58,1,1,0,952,342,9.0,10,2,8.142709435773746
145,AP ARQ. LOPEZ OTERO,2018-01-07 2:00,9,618.58,2,1,1,961,344,4.5,10,3,3.642709435773747
146,AP ARQ. LOPEZ OTERO,2018-01-07 3:00,9,618.58,2,1,1,970,346,4.5,10,3,3.642709435773747
147,AP ARQ. LOPEZ OTERO,2018-01-07 4:00,9,618.58,4,1,3,979,350,2.25,10,5,1.3927094357737468
148,AP ARQ. LOPEZ OTERO,2018-01-07 5:00,9,618.58,3,1,2,988,353,3.0,10,4,2.142709435773747
149,AP ARQ. LOPEZ OTERO,2018-01-07 6:00,9,618.58,2,0,2,997,355,4.5,10,3,3.642709435773747
150,AP ARQ. LOPEZ OTERO,2018-01-07 7:00,8,618.58,4,4,0,1005,359,2.0,9,5,1.1427094357737468
151,AP ARQ. LOPEZ OTERO,2018-01-07 8:00,8,618.58,1,1,0,1013,360,8.0,9,2,7.142709435773747
152,AP ARQ. LOPEZ OTERO,2018-01-07 9:00,8,618.58,1,0,1,1021,361,8.0,9,2,7.142709435773747
153,AP ARQ. LOPEZ OTERO,2018-01-07 10:00,8,618.58,2,0,2,1029,363,4.0,9,3,3.142709435773747
154,AP ARQ. LOPEZ OTERO,2018-01-07 11:00,9,618.58,6,5,1,1038,369,1.5,10,7,0.6427094357737468
155,AP ARQ. LOPEZ OTERO,2018-01-07 12:00,8,618.58,2,1,1,1046,371,4.0,9,3,3.142709435773747
156,AP ARQ. LOPEZ OTERO,2018-01-07 13:00,8,618.58,6,3,3,1054,377,1.3333333333333333,9,7,0.4760427691070801
157,AP ARQ. LOPEZ OTERO,2018-01-07 14:00,8,618.58,1,1,0,1062,378,8.0,9,2,7.142709435773747
158,AP ARQ. LOPEZ OTERO,2018-01-07 15:00,9,618.58,4,1,3,1071,382,2.25,10,5,1.3927094357737468
159,AP ARQ. LOPEZ OTERO,2018-01-07 16:00,8,618.58,2,2,0,1079,384,4.0,9,3,3.142709435773747
160,AP ARQ. LOPEZ OTERO,2018-01-07 17:00,8,618.58,6,1,5,1087,390,1.3333333333333333,9,7,0.4760427691070801
161,AP ARQ. LOPEZ OTERO,2018-01-07 18:00,8,618.58,2,1,1,1095,392,4.0,9,3,3.142709435773747
162,AP ARQ. LOPEZ OTERO,2018-01-07 19:00,4,618.58,3,1,2,1099,395,1.3333333333333333,5,4,0.4760427691070801
163,AP ARQ. LOPEZ OTERO,2018-01-07 20:00,4,618.58,2,2,0,1103,397,2.0,5,3,1.1427094357737468
164,AP ARQ. LOPEZ OTERO,2018-01-07 21:00,4,618.58,7,0,7,1107,404,0.5714285714285714,5,8,-0.28586199279768176
165,AP ARQ. LOPEZ OTERO,2018-01-07 22:00,4,618.58,0,0,0,1111,404,"",5,1,""
166,AP ARQ. LOPEZ OTERO,2018-01-07 23:00,3,618.58,1,0,1,1114,405,3.0,4,2,2.142709435773747
167,AP ARQ. LOPEZ OTERO,2018-01-08 0:00,4,618.58,0,0,0,1118,405,"",5,1,""
168,AP ARQ. LOPEZ OTERO,2018-01-08 1:00,7,618.58,2,1,1,1125,407,3.5,8,3,2.642709435773747
169,AP ARQ. LOPEZ OTERO,2018-01-08 2:00,8,618.58,3,3,0,1133,410,2.6666666666666665,9,4,1.8093761024404134
170,AP ARQ. LOPEZ OTERO,2018-01-08 3:00,8,618.58,4,4,0,1141,414,2.0,9,5,1.1427094357737468
171,AP ARQ. LOPEZ OTERO,2018-01-08 4:00,9,618.58,2,1,1,1150,416,4.5,10,3,3.642709435773747
172,AP ARQ. LOPEZ OTERO,2018-01-08 5:00,8,618.58,5,5,0,1158,421,1.6,9,6,0.7427094357737469
173,AP ARQ. LOPEZ OTERO,2018-01-08 6:00,8,618.58,2,2,0,1166,423,4.0,9,3,3.142709435773747
174,AP ARQ. LOPEZ OTERO,2018-01-08 7:00,8,618.58,2,1,1,1174,425,4.0,9,3,3.142709435773747
175,AP ARQ. LOPEZ OTERO,2018-01-08 8:00,8,618.58,3,2,1,1182,428,2.6666666666666665,9,4,1.8093761024404134
176,AP ARQ. LOPEZ OTERO,2018-01-08 9:00,3,618.58,1,1,0,1185,429,3.0,4,2,2.142709435773747
177,AP ARQ. LOPEZ OTERO,2018-01-08 10:00,3,618.58,2,0,2,1188,431,1.5,4,3,0.6427094357737468
178,AP ARQ. LOPEZ OTERO,2018-01-08 11:00,3,618.58,2,2,0,1191,433,1.5,4,3,0.6427094357737468
179,AP ARQ. LOPEZ OTERO,2018-01-08 12:00,3,618.58,1,1,0,1194,434,3.0,4,2,2.142709435773747
180,AP ARQ. LOPEZ OTERO,2018-01-08 13:00,3,618.58,1,1,0,1197,435,3.0,4,2,2.142709435773747
181,AP ARQ. LOPEZ OTERO,2018-01-08 14:00,4,618.58,3,1,2,1201,438,1.3333333333333333,5,4,0.4760427691070801
182,AP ARQ. LOPEZ OTERO,2018-01-08 15:00,3,618.58,0,0,0,1204,438,"",4,1,""
183,AP ARQ. LOPEZ OTERO,2018-01-08 16:00,3,618.58,0,0,0,1207,438,"",4,1,""
184,AP ARQ. LOPEZ OTERO,2018-01-08 17:00,3,618.58,7,4,3,1210,445,0.42857142857142855,4,8,-0.4287191356548246
185,AP ARQ. LOPEZ OTERO,2018-01-08 18:00,8,618.58,2,1,1,1218,447,4.0,9,3,3.142709435773747
186,AP ARQ. LOPEZ OTERO,2018-01-08 19:00,8,618.58,3,2,1,1226,450,2.6666666666666665,9,4,1.8093761024404134
187,AP ARQ. LOPEZ OTERO,2018-01-08 20:00,8,618.58,5,3,2,1234,455,1.6,9,6,0.7427094357737469
188,AP ARQ. LOPEZ OTERO,2018-01-08 21:00,9,618.58,5,2,3,1243,460,1.8,10,6,0.9427094357737469
189,AP ARQ. LOPEZ OTERO,2018-01-08 22:00,9,618.58,2,2,0,1252,462,4.5,10,3,3.642709435773747
190,AP ARQ. LOPEZ OTERO,2018-01-08 23:00,8,618.58,3,2,1,1260,465,2.6666666666666665,9,4,1.8093761024404134
191,AP ARQ. LOPEZ OTERO,2018-01-09 0:00,3,618.58,0,0,0,1263,465,"",4,1,""
192,AP ARQ. LOPEZ OTERO,2018-01-09 1:00,9,618.58,1,1,0,1272,466,9.0,10,2,8.142709435773746
193,AP ARQ. LOPEZ OTERO,2018-01-09 2:00,9,618.58,3,3,0,1281,469,3.0,10,4,2.142709435773747
194,AP ARQ. LOPEZ OTERO,2018-01-09 3:00,8,618.58,2,0,2,1289,471,4.0,9,3,3.142709435773747
195,AP ARQ. LOPEZ OTERO,2018-01-09 4:00,8,618.58,3,1,2,1297,474,2.6666666666666665,9,4,1.8093761024404134
196,AP ARQ. LOPEZ OTERO,2018-01-09 5:00,9,618.58,1,1,0,1306,475,9.0,10,2,8.142709435773746
197,AP ARQ. LOPEZ OTERO,2018-01-09 6:00,9,618.58,1,1,0,1315,476,9.0,10,2,8.142709435773746
198,AP ARQ. LOPEZ OTERO,2018-01-09 7:00,8,618.58,1,0,1,1323,477,8.0,9,2,7.142709435773747
199,AP ARQ. LOPEZ OTERO,2018-01-09 8:00,8,618.58,2,0,2,1331,479,4.0,9,3,3.142709435773747
200,AP ARQ. LOPEZ OTERO,2018-01-09 9:00,4,618.58,0,0,0,1335,479,"",5,1,""
201,AP ARQ. LOPEZ OTERO,2018-01-09 10:00,4,618.58,5,4,1,1339,484,0.8,5,6,-0.057290564226253116
202,AP ARQ. LOPEZ OTERO,2018-01-09 11:00,4,618.58,2,0,2,1343,486,2.0,5,3,1.1427094357737468
203,AP ARQ. LOPEZ OTERO,2018-01-09 12:00,4,618.58,0,0,0,1347,486,"",5,1,""
204,AP ARQ. LOPEZ OTERO,2018-01-09 13:00,4,618.58,1,1,0,1351,487,4.0,5,2,3.142709435773747
205,AP ARQ. LOPEZ OTERO,2018-01-09 14:00,4,618.58,1,1,0,1355,488,4.0,5,2,3.142709435773747
206,AP ARQ. LOPEZ OTERO,2018-01-09 15:00,4,618.58,4,4,0,1359,492,1.0,5,5,0.14270943577374684
207,AP ARQ. LOPEZ OTERO,2018-01-09 16:00,4,618.58,5,4,1,1363,497,0.8,5,6,-0.057290564226253116
208,AP ARQ. LOPEZ OTERO,2018-01-09 17:00,3,618.58,3,1,2,1366,500,1.0,4,4,0.14270943577374684
209,AP ARQ. LOPEZ OTERO,2018-01-09 18:00,8,618.58,5,5,0,1374,505,1.6,9,6,0.7427094357737469
210,AP ARQ. LOPEZ OTERO,2018-01-09 19:00,9,618.58,5,2,3,1383,510,1.8,10,6,0.9427094357737469
211,AP ARQ. LOPEZ OTERO,2018-01-09 20:00,9,618.58,3,2,1,1392,513,3.0,10,4,2.142709435773747
212,AP ARQ. LOPEZ OTERO,2018-01-09 21:00,9,618.58,4,3,1,1401,517,2.25,10,5,1.3927094357737468
213,AP ARQ. LOPEZ OTERO,2018-01-09 22:00,9,618.58,3,3,0,1410,520,3.0,10,4,2.142709435773747
214,AP ARQ. LOPEZ OTERO,2018-01-09 23:00,9,618.58,3,3,0,1419,523,3.0,10,4,2.142709435773747
215,AP ARQ. LOPEZ OTERO,2018-01-10 0:00,4,618.58,3,3,0,1423,526,1.3333333333333333,5,4,0.4760427691070801
216,AP ARQ. LOPEZ OTERO,2018-01-10 1:00,9,618.58,1,1,0,1432,527,9.0,10,2,8.142709435773746
217,AP ARQ. LOPEZ OTERO,2018-01-10 2:00,9,618.58,5,1,4,1441,532,1.8,10,6,0.9427094357737469
218,AP ARQ. LOPEZ OTERO,2018-01-10 3:00,9,618.58,0,0,0,1450,532,"",10,1,""
219,AP ARQ. LOPEZ OTERO,2018-01-10 4:00,9,618.58,3,1,2,1459,535,3.0,10,4,2.142709435773747
220,AP ARQ. LOPEZ OTERO,2018-01-10 5:00,9,618.58,1,1,0,1468,536,9.0,10,2,8.142709435773746
221,AP ARQ. LOPEZ OTERO,2018-01-10 6:00,8,618.58,1,1,0,1476,537,8.0,9,2,7.142709435773747
222,AP ARQ. LOPEZ OTERO,2018-01-10 7:00,8,618.58,1,1,0,1484,538,8.0,9,2,7.142709435773747
223,AP ARQ. LOPEZ OTERO,2018-01-10 8:00,8,618.58,1,0,1,1492,539,8.0,9,2,7.142709435773747
224,AP ARQ. LOPEZ OTERO,2018-01-10 9:00,3,618.58,3,2,1,1495,542,1.0,4,4,0.14270943577374684
225,AP ARQ. LOPEZ OTERO,2018-01-10 10:00,4,618.58,0,0,0,1499,542,"",5,1,""
226,AP ARQ. LOPEZ OTERO,2018-01-10 11:00,3,618.58,2,1,1,1502,544,1.5,4,3,0.6427094357737468
227,AP ARQ. LOPEZ OTERO,2018-01-10 12:00,4,618.58,0,0,0,1506,544,"",5,1,""
228,AP ARQ. LOPEZ OTERO,2018-01-10 13:00,4,618.58,3,2,1,1510,547,1.3333333333333333,5,4,0.4760427691070801
229,AP ARQ. LOPEZ OTERO,2018-01-10 14:00,4,618.58,5,5,0,1514,552,0.8,5,6,-0.057290564226253116
230,AP ARQ. LOPEZ OTERO,2018-01-10 15:00,4,618.58,0,0,0,1518,552,"",5,1,""
231,AP ARQ. LOPEZ OTERO,2018-01-10 16:00,4,618.58,2,1,1,1522,554,2.0,5,3,1.1427094357737468
232,AP ARQ. LOPEZ OTERO,2018-01-10 17:00,4,618.58,5,5,0,1526,559,0.8,5,6,-0.057290564226253116
233,AP ARQ. LOPEZ OTERO,2018-01-10 18:00,9,618.58,2,0,2,1535,561,4.5,10,3,3.642709435773747
234,AP ARQ. LOPEZ OTERO,2018-01-10 19:00,9,618.58,5,4,1,1544,566,1.8,10,6,0.9427094357737469
235,AP ARQ. LOPEZ OTERO,2018-01-10 20:00,9,618.58,4,1,3,1553,570,2.25,10,5,1.3927094357737468
236,AP ARQ. LOPEZ OTERO,2018-01-10 21:00,9,618.58,1,1,0,1562,571,9.0,10,2,8.142709435773746
237,AP ARQ. LOPEZ OTERO,2018-01-10 22:00,8,618.58,2,1,1,1570,573,4.0,9,3,3.142709435773747
238,AP ARQ. LOPEZ OTERO,2018-01-10 23:00,9,618.58,5,1,4,1579,578,1.8,10,6,0.9427094357737469
239,AP ARQ. LOPEZ OTERO,2018-01-11 0:00,4,618.58,0,0,0,1583,578,"",5,1,""
240,AP ARQ. LOPEZ OTERO,2018-01-11 1:00,8,618.58,1,1,0,1591,579,8.0,9,2,7.142709435773747
241,AP ARQ. LOPEZ OTERO,2018-01-11 2:00,8,618.58,1,0,1,1599,580,8.0,9,2,7.142709435773747
242,AP ARQ. LOPEZ OTERO,2018-01-11 3:00,9,618.58,2,0,2,1608,582,4.5,10,3,3.642709435773747
243,AP ARQ. LOPEZ OTERO,2018-01-11 4:00,8,618.58,2,0,2,1616,584,4.0,9,3,3.142709435773747
244,AP ARQ. LOPEZ OTERO,2018-01-11 5:00,9,618.58,1,1,0,1625,585,9.0,10,2,8.142709435773746
245,AP ARQ. LOPEZ OTERO,2018-01-11 6:00,9,618.58,2,1,1,1634,587,4.5,10,3,3.642709435773747
246,AP ARQ. LOPEZ OTERO,2018-01-11 7:00,8,618.58,1,1,0,1642,588,8.0,9,2,7.142709435773747
247,AP ARQ. LOPEZ OTERO,2018-01-11 8:00,8,618.58,5,1,4,1650,593,1.6,9,6,0.7427094357737469
248,AP ARQ. LOPEZ OTERO,2018-01-11 9:00,3,618.58,0,0,0,1653,593,"",4,1,""
249,AP ARQ. LOPEZ OTERO,2018-01-11 10:00,3,618.58,3,0,3,1656,596,1.0,4,4,0.14270943577374684
250,AP ARQ. LOPEZ OTERO,2018-01-11 11:00,3,618.58,2,2,0,1659,598,1.5,4,3,0.6427094357737468
251,AP ARQ. LOPEZ OTERO,2018-01-11 12:00,3,618.58,1,1,0,1662,599,3.0,4,2,2.142709435773747
252,AP ARQ. LOPEZ OTERO,2018-01-11 13:00,3,618.58,2,1,1,1665,601,1.5,4,3,0.6427094357737468
253,AP ARQ. LOPEZ OTERO,2018-01-11 14:00,4,618.58,1,1,0,1669,602,4.0,5,2,3.142709435773747
254,AP ARQ. LOPEZ OTERO,2018-01-11 15:00,4,618.58,1,1,0,1673,603,4.0,5,2,3.142709435773747
255,AP ARQ. LOPEZ OTERO,2018-01-11 16:00,4,618.58,1,1,0,1677,604,4.0,5,2,3.142709435773747
256,AP ARQ. LOPEZ OTERO,2018-01-11 17:00,3,618.58,1,1,0,1680,605,3.0,4,2,2.142709435773747
257,AP ARQ. LOPEZ OTERO,2018-01-11 18:00,8,618.58,2,2,0,1688,607,4.0,9,3,3.142709435773747
258,AP ARQ. LOPEZ OTERO,2018-01-11 19:00,8,618.58,2,2,0,1696,609,4.0,9,3,3.142709435773747
259,AP ARQ. LOPEZ OTERO,2018-01-11 20:00,9,618.58,5,5,0,1705,614,1.8,10,6,0.9427094357737469
260,AP ARQ. LOPEZ OTERO,2018-01-11 21:00,9,618.58,5,3,2,1714,619,1.8,10,6,0.9427094357737469
261,AP ARQ. LOPEZ OTERO,2018-01-11 22:00,9,618.58,4,2,2,1723,623,2.25,10,5,1.3927094357737468
262,AP ARQ. LOPEZ OTERO,2018-01-11 23:00,9,618.58,2,2,0,1732,625,4.5,10,3,3.642709435773747
263,AP ARQ. LOPEZ OTERO,2018-01-12 0:00,4,618.58,0,0,0,1736,625,"",5,1,""
264,AP ARQ. LOPEZ OTERO,2018-01-12 1:00,8,618.58,0,0,0,1744,625,"",9,1,""
265,AP ARQ. LOPEZ OTERO,2018-01-12 2:00,8,618.58,3,3,0,1752,628,2.6666666666666665,9,4,1.8093761024404134
266,AP ARQ. LOPEZ OTERO,2018-01-12 3:00,8,618.58,4,3,1,1760,632,2.0,9,5,1.1427094357737468
267,AP ARQ. LOPEZ OTERO,2018-01-12 4:00,8,618.58,3,0,3,1768,635,2.6666666666666665,9,4,1.8093761024404134
268,AP ARQ. LOPEZ OTERO,2018-01-12 5:00,8,618.58,4,1,3,1776,639,2.0,9,5,1.1427094357737468
269,AP ARQ. LOPEZ OTERO,2018-01-12 6:00,8,618.58,2,0,2,1784,641,4.0,9,3,3.142709435773747
270,AP ARQ. LOPEZ OTERO,2018-01-12 7:00,9,618.58,4,1,3,1793,645,2.25,10,5,1.3927094357737468
271,AP ARQ. LOPEZ OTERO,2018-01-12 8:00,8,618.58,3,3,0,1801,648,2.6666666666666665,9,4,1.8093761024404134
272,AP ARQ. LOPEZ OTERO,2018-01-12 9:00,3,618.58,3,3,0,1804,651,1.0,4,4,0.14270943577374684
273,AP ARQ. LOPEZ OTERO,2018-01-12 10:00,4,618.58,6,6,0,1808,657,0.6666666666666666,5,7,-0.19062389755958653
274,AP ARQ. LOPEZ OTERO,2018-01-12 11:00,3,618.58,2,2,0,1811,659,1.5,4,3,0.6427094357737468
275,AP ARQ. LOPEZ OTERO,2018-01-12 12:00,3,618.58,2,1,1,1814,661,1.5,4,3,0.6427094357737468
276,AP ARQ. LOPEZ OTERO,2018-01-12 13:00,3,618.58,4,3,1,1817,665,0.75,4,5,-0.10729056422625316
277,AP ARQ. LOPEZ OTERO,2018-01-12 14:00,4,618.58,0,0,0,1821,665,"",5,1,""
278,AP ARQ. LOPEZ OTERO,2018-01-12 15:00,4,618.58,1,1,0,1825,666,4.0,5,2,3.142709435773747
279,AP ARQ. LOPEZ OTERO,2018-01-12 16:00,4,618.58,2,1,1,1829,668,2.0,5,3,1.1427094357737468
280,AP ARQ. LOPEZ OTERO,2018-01-12 17:00,4,618.58,2,2,0,1833,670,2.0,5,3,1.1427094357737468
281,AP ARQ. LOPEZ OTERO,2018-01-12 18:00,8,618.58,1,1,0,1841,671,8.0,9,2,7.142709435773747
282,AP ARQ. LOPEZ OTERO,2018-01-12 19:00,9,618.58,1,0,1,1850,672,9.0,10,2,8.142709435773746
283,AP ARQ. LOPEZ OTERO,2018-01-12 20:00,9,618.58,2,2,0,1859,674,4.5,10,3,3.642709435773747
284,AP ARQ. LOPEZ OTERO,2018-01-12 21:00,9,618.58,2,2,0,1868,676,4.5,10,3,3.642709435773747
285,AP ARQ. LOPEZ OTERO,2018-01-12 22:00,9,618.58,0,0,0,1877,676,"",10,1,""
286,AP ARQ. LOPEZ OTERO,2018-01-12 23:00,8,618.58,6,1,5,1885,682,1.3333333333333333,9,7,0.4760427691070801
287,AP ARQ. LOPEZ OTERO,2018-01-13 0:00,4,618.58,2,1,1,1889,684,2.0,5,3,1.1427094357737468
288,AP ARQ. LOPEZ OTERO,2018-01-13 1:00,8,618.58,4,2,2,1897,688,2.0,9,5,1.1427094357737468
289,AP ARQ. LOPEZ OTERO,2018-01-13 2:00,8,618.58,4,1,3,1905,692,2.0,9,5,1.1427094357737468
290,AP ARQ. LOPEZ OTERO,2018-01-13 3:00,8,618.58,4,3,1,1913,696,2.0,9,5,1.1427094357737468
291,AP ARQ. LOPEZ OTERO,2018-01-13 4:00,8,618.58,5,5,0,1921,701,1.6,9,6,0.7427094357737469
292,AP ARQ. LOPEZ OTERO,2018-01-13 5:00,8,618.58,1,1,0,1929,702,8.0,9,2,7.142709435773747
293,AP ARQ. LOPEZ OTERO,2018-01-13 6:00,8,618.58,1,1,0,1937,703,8.0,9,2,7.142709435773747
294,AP ARQ. LOPEZ OTERO,2018-01-13 7:00,9,618.58,7,6,1,1946,710,1.2857142857142858,10,8,0.42842372148803265
295,AP ARQ. LOPEZ OTERO,2018-01-13 8:00,8,618.58,2,2,0,1954,712,4.0,9,3,3.142709435773747
296,AP ARQ. LOPEZ OTERO,2018-01-13 9:00,8,618.58,2,2,0,1962,714,4.0,9,3,3.142709435773747
297,AP ARQ. LOPEZ OTERO,2018-01-13 10:00,8,618.58,2,2,0,1970,716,4.0,9,3,3.142709435773747
298,AP ARQ. LOPEZ OTERO,2018-01-13 11:00,8,618.58,2,2,0,1978,718,4.0,9,3,3.142709435773747
299,AP ARQ. LOPEZ OTERO,2018-01-13 12:00,8,618.58,5,5,0,1986,723,1.6,9,6,0.7427094357737469
300,AP ARQ. LOPEZ OTERO,2018-01-13 13:00,8,618.58,4,3,1,1994,727,2.0,9,5,1.1427094357737468
301,AP ARQ. LOPEZ OTERO,2018-01-13 14:00,9,618.58,5,2,3,2003,732,1.8,10,6,0.9427094357737469
302,AP ARQ. LOPEZ OTERO,2018-01-13 15:00,9,618.58,2,2,0,2012,734,4.5,10,3,3.642709435773747
303,AP ARQ. LOPEZ OTERO,2018-01-13 16:00,9,618.58,3,0,3,2021,737,3.0,10,4,2.142709435773747
304,AP ARQ. LOPEZ OTERO,2018-01-13 17:00,9,618.58,7,6,1,2030,744,1.2857142857142858,10,8,0.42842372148803265
305,AP ARQ. LOPEZ OTERO,2018-01-13 18:00,8,618.58,0,0,0,2038,744,"",9,1,""
306,AP ARQ. LOPEZ OTERO,2018-01-13 19:00,4,618.58,5,2,3,2042,749,0.8,5,6,-0.057290564226253116
307,AP ARQ. LOPEZ OTERO,2018-01-13 20:00,4,618.58,3,1,2,2046,752,1.3333333333333333,5,4,0.4760427691070801
308,AP ARQ. LOPEZ OTERO,2018-01-13 21:00,4,618.58,0,0,0,2050,752,"",5,1,""
309,AP ARQ. LOPEZ OTERO,2018-01-13 22:00,4,618.58,1,0,1,2054,753,4.0,5,2,3.142709435773747
310,AP ARQ. LOPEZ OTERO,2018-01-13 23:00,3,618.58,2,0,2,2057,755,1.5,4,3,0.6427094357737468
311,AP ARQ. LOPEZ OTERO,2018-01-14 0:00,3,618.58,5,5,0,2060,760,0.6,4,6,-0.2572905642262532
312,AP ARQ. LOPEZ OTERO,2018-01-14 1:00,9,618.58,3,2,1,2069,763,3.0,10,4,2.142709435773747
313,AP ARQ. LOPEZ OTERO,2018-01-14 2:00,9,618.58,2,0,2,2078,765,4.5,10,3,3.642709435773747
314,AP ARQ. LOPEZ OTERO,2018-01-14 3:00,9,618.58,2,2,0,2087,767,4.5,10,3,3.642709435773747
315,AP ARQ. LOPEZ OTERO,2018-01-14 4:00,9,618.58,0,0,0,2096,767,"",10,1,""
316,AP ARQ. LOPEZ OTERO,2018-01-14 5:00,9,618.58,3,3,0,2105,770,3.0,10,4,2.142709435773747
317,AP ARQ. LOPEZ OTERO,2018-01-14 6:00,9,618.58,2,2,0,2114,772,4.5,10,3,3.642709435773747
318,AP ARQ. LOPEZ OTERO,2018-01-14 7:00,8,618.58,2,1,1,2122,774,4.0,9,3,3.142709435773747
319,AP ARQ. LOPEZ OTERO,2018-01-14 8:00,8,618.58,0,0,0,2130,774,"",9,1,""
320,AP ARQ. LOPEZ OTERO,2018-01-14 9:00,8,618.58,1,1,0,2138,775,8.0,9,2,7.142709435773747
321,AP ARQ. LOPEZ OTERO,2018-01-14 10:00,8,618.58,3,1,2,2146,778,2.6666666666666665,9,4,1.8093761024404134
322,AP ARQ. LOPEZ OTERO,2018-01-14 11:00,9,618.58,1,0,1,2155,779,9.0,10,2,8.142709435773746
323,AP ARQ. LOPEZ OTERO,2018-01-14 12:00,8,618.58,2,2,0,2163,781,4.0,9,3,3.142709435773747
324,AP ARQ. LOPEZ OTERO,2018-01-14 13:00,8,618.58,1,0,1,2171,782,8.0,9,2,7.142709435773747
325,AP ARQ. LOPEZ OTERO,2018-01-14 14:00,8,618.58,3,2,1,2179,785,2.6666666666666665,9,4,1.8093761024404134
326,AP ARQ. LOPEZ OTERO,2018-01-14 15:00,9,618.58,4,2,2,2188,789,2.25,10,5,1.3927094357737468
327,AP ARQ. LOPEZ OTERO,2018-01-14 16:00,8,618.58,4,1,3,2196,793,2.0,9,5,1.1427094357737468
328,AP ARQ. LOPEZ OTERO,2018-01-14 17:00,8,618.58,0,0,0,2204,793,"",9,1,""
329,AP ARQ. LOPEZ OTERO,2018-01-14 18:00,8,618.58,1,1,0,2212,794,8.0,9,2,7.142709435773747
330,AP ARQ. LOPEZ OTERO,2018-01-14 19:00,4,618.58,4,4,0,2216,798,1.0,5,5,0.14270943577374684
331,AP ARQ. LOPEZ OTERO,2018-01-14 20:00,4,618.58,4,0,4,2220,802,1.0,5,5,0.14270943577374684
332,AP ARQ. LOPEZ OTERO,2018-01-14 21:00,4,618.58,1,1,0,2224,803,4.0,5,2,3.142709435773747
333,AP ARQ. LOPEZ OTERO,2018-01-14 22:00,4,618.58,2,2,0,2228,805,2.0,5,3,1.1427094357737468
334,AP ARQ. LOPEZ OTERO,2018-01-14 23:00,3,618.58,1,1,0,2231,806,3.0,4,2,2.142709435773747
335,AP ARQ. LOPEZ OTERO,2018-01-15 0:00,4,618.58,3,3,0,2235,809,1.3333333333333333,5,4,0.4760427691070801
336,AP ARQ. LOPEZ OTERO,2018-01-15 1:00,7,618.58,2,2,0,2242,811,3.5,8,3,2.642709435773747
337,AP ARQ. LOPEZ OTERO,2018-01-15 2:00,8,618.58,1,1,0,2250,812,8.0,9,2,7.142709435773747
338,AP ARQ. LOPEZ OTERO,2018-01-15 3:00,8,618.58,1,1,0,2258,813,8.0,9,2,7.142709435773747
339,AP ARQ. LOPEZ OTERO,2018-01-15 4:00,9,618.58,6,0,6,2267,819,1.5,10,7,0.6427094357737468
340,AP ARQ. LOPEZ OTERO,2018-01-15 5:00,8,618.58,3,2,1,2275,822,2.6666666666666665,9,4,1.8093761024404134
341,AP ARQ. LOPEZ OTERO,2018-01-15 6:00,8,618.58,2,1,1,2283,824,4.0,9,3,3.142709435773747
342,AP ARQ. LOPEZ OTERO,2018-01-15 7:00,8,618.58,3,3,0,2291,827,2.6666666666666665,9,4,1.8093761024404134
343,AP ARQ. LOPEZ OTERO,2018-01-15 8:00,8,618.58,1,1,0,2299,828,8.0,9,2,7.142709435773747
344,AP ARQ. LOPEZ OTERO,2018-01-15 9:00,3,618.58,3,1,2,2302,831,1.0,4,4,0.14270943577374684
345,AP ARQ. LOPEZ OTERO,2018-01-15 10:00,3,618.58,3,0,3,2305,834,1.0,4,4,0.14270943577374684
346,AP ARQ. LOPEZ OTERO,2018-01-15 11:00,3,618.58,1,1,0,2308,835,3.0,4,2,2.142709435773747
347,AP ARQ. LOPEZ OTERO,2018-01-15 12:00,3,618.58,2,1,1,2311,837,1.5,4,3,0.6427094357737468
348,AP ARQ. LOPEZ OTERO,2018-01-15 13:00,3,618.58,4,2,2,2314,841,0.75,4,5,-0.10729056422625316
349,AP ARQ. LOPEZ OTERO,2018-01-15 14:00,4,618.58,5,3,2,2318,846,0.8,5,6,-0.057290564226253116
350,AP ARQ. LOPEZ OTERO,2018-01-15 15:00,3,618.58,2,1,1,2321,848,1.5,4,3,0.6427094357737468
351,AP ARQ. LOPEZ OTERO,2018-01-15 16:00,3,618.58,2,2,0,2324,850,1.5,4,3,0.6427094357737468
352,AP ARQ. LOPEZ OTERO,2018-01-15 17:00,3,618.58,5,2,3,2327,855,0.6,4,6,-0.2572905642262532
353,AP ARQ. LOPEZ OTERO,2018-01-15 18:00,8,618.58,1,0,1,2335,856,8.0,9,2,7.142709435773747
354,AP ARQ. LOPEZ OTERO,2018-01-15 19:00,8,618.58,1,1,0,2343,857,8.0,9,2,7.142709435773747
355,AP ARQ. LOPEZ OTERO,2018-01-15 20:00,8,618.58,1,1,0,2351,858,8.0,9,2,7.142709435773747
356,AP ARQ. LOPEZ OTERO,2018-01-15 21:00,9,618.58,3,1,2,2360,861,3.0,10,4,2.142709435773747
357,AP ARQ. LOPEZ OTERO,2018-01-15 22:00,9,618.58,2,2,0,2369,863,4.5,10,3,3.642709435773747
358,AP ARQ. LOPEZ OTERO,2018-01-15 23:00,8,618.58,0,0,0,2377,863,"",9,1,""
359,AP ARQ. LOPEZ OTERO,2018-01-16 0:00,3,618.58,1,1,0,2380,864,3.0,4,2,2.142709435773747
360,AP ARQ. LOPEZ OTERO,2018-01-16 1:00,9,618.58,1,1,0,2389,865,9.0,10,2,8.142709435773746
361,AP ARQ. LOPEZ OTERO,2018-01-16 2:00,9,618.58,3,3,0,2398,868,3.0,10,4,2.142709435773747
362,AP ARQ. LOPEZ OTERO,2018-01-16 3:00,8,618.58,2,1,1,2406,870,4.0,9,3,3.142709435773747
363,AP ARQ. LOPEZ OTERO,2018-01-16 4:00,8,618.58,4,0,4,2414,874,2.0,9,5,1.1427094357737468
364,AP ARQ. LOPEZ OTERO,2018-01-16 5:00,9,618.58,0,0,0,2423,874,"",10,1,""
365,AP ARQ. LOPEZ OTERO,2018-01-16 6:00,9,618.58,0,0,0,2432,874,"",10,1,""
366,AP ARQ. LOPEZ OTERO,2018-01-16 7:00,8,618.58,2,2,0,2440,876,4.0,9,3,3.142709435773747
367,AP ARQ. LOPEZ OTERO,2018-01-16 8:00,8,618.58,1,0,1,2448,877,8.0,9,2,7.142709435773747
368,AP ARQ. LOPEZ OTERO,2018-01-16 9:00,4,618.58,2,2,0,2452,879,2.0,5,3,1.1427094357737468
369,AP ARQ. LOPEZ OTERO,2018-01-16 10:00,4,618.58,4,2,2,2456,883,1.0,5,5,0.14270943577374684
370,AP ARQ. LOPEZ OTERO,2018-01-16 11:00,4,618.58,2,2,0,2460,885,2.0,5,3,1.1427094357737468
371,AP ARQ. LOPEZ OTERO,2018-01-16 12:00,4,618.58,1,1,0,2464,886,4.0,5,2,3.142709435773747
372,AP ARQ. LOPEZ OTERO,2018-01-16 13:00,4,618.58,5,5,0,2468,891,0.8,5,6,-0.057290564226253116
373,AP ARQ. LOPEZ OTERO,2018-01-16 14:00,4,618.58,0,0,0,2472,891,"",5,1,""
374,AP ARQ. LOPEZ OTERO,2018-01-16 15:00,4,618.58,3,2,1,2476,894,1.3333333333333333,5,4,0.4760427691070801
375,AP ARQ. LOPEZ OTERO,2018-01-16 16:00,4,618.58,0,0,0,2480,894,"",5,1,""
376,AP ARQ. LOPEZ OTERO,2018-01-16 17:00,3,618.58,0,0,0,2483,894,"",4,1,""
377,AP ARQ. LOPEZ OTERO,2018-01-16 18:00,8,618.58,3,2,1,2491,897,2.6666666666666665,9,4,1.8093761024404134
378,AP ARQ. LOPEZ OTERO,2018-01-16 19:00,9,618.58,1,1,0,2500,898,9.0,10,2,8.142709435773746
379,AP ARQ. LOPEZ OTERO,2018-01-16 20:00,9,618.58,4,0,4,2509,902,2.25,10,5,1.3927094357737468
380,AP ARQ. LOPEZ OTERO,2018-01-16 21:00,9,618.58,1,1,0,2518,903,9.0,10,2,8.142709435773746
381,AP ARQ. LOPEZ OTERO,2018-01-16 22:00,9,618.58,4,2,2,2527,907,2.25,10,5,1.3927094357737468
382,AP ARQ. LOPEZ OTERO,2018-01-16 23:00,9,618.58,1,0,1,2536,908,9.0,10,2,8.142709435773746
383,AP ARQ. LOPEZ OTERO,2018-01-17 0:00,4,618.58,1,0,1,2540,909,4.0,5,2,3.142709435773747
384,AP ARQ. LOPEZ OTERO,2018-01-17 1:00,9,618.58,3,2,1,2549,912,3.0,10,4,2.142709435773747
385,AP ARQ. LOPEZ OTERO,2018-01-17 2:00,9,618.58,1,1,0,2558,913,9.0,10,2,8.142709435773746
386,AP ARQ. LOPEZ OTERO,2018-01-17 3:00,9,618.58,0,0,0,2567,913,"",10,1,""
387,AP ARQ. LOPEZ OTERO,2018-01-17 4:00,9,618.58,3,2,1,2576,916,3.0,10,4,2.142709435773747
388,AP ARQ. LOPEZ OTERO,2018-01-17 5:00,9,618.58,7,5,2,2585,923,1.2857142857142858,10,8,0.42842372148803265
389,AP ARQ. LOPEZ OTERO,2018-01-17 6:00,8,618.58,2,1,1,2593,925,4.0,9,3,3.142709435773747
390,AP ARQ. LOPEZ OTERO,2018-01-17 7:00,8,618.58,1,1,0,2601,926,8.0,9,2,7.142709435773747
391,AP ARQ. LOPEZ OTERO,2018-01-17 8:00,8,618.58,2,2,0,2609,928,4.0,9,3,3.142709435773747
392,AP ARQ. LOPEZ OTERO,2018-01-17 9:00,3,618.58,1,0,1,2612,929,3.0,4,2,2.142709435773747
393,AP ARQ. LOPEZ OTERO,2018-01-17 10:00,4,618.58,0,0,0,2616,929,"",5,1,""
394,AP ARQ. LOPEZ OTERO,2018-01-17 11:00,3,618.58,2,2,0,2619,931,1.5,4,3,0.6427094357737468
395,AP ARQ. LOPEZ OTERO,2018-01-17 12:00,4,618.58,2,2,0,2623,933,2.0,5,3,1.1427094357737468
396,AP ARQ. LOPEZ OTERO,2018-01-17 13:00,4,618.58,5,3,2,2627,938,0.8,5,6,-0.057290564226253116
397,AP ARQ. LOPEZ OTERO,2018-01-17 14:00,4,618.58,3,2,1,2631,941,1.3333333333333333,5,4,0.4760427691070801
398,AP ARQ. LOPEZ OTERO,2018-01-17 15:00,4,618.58,1,0,1,2635,942,4.0,5,2,3.142709435773747
399,AP ARQ. LOPEZ OTERO,2018-01-17 16:00,4,618.58,4,1,3,2639,946,1.0,5,5,0.14270943577374684
400,AP ARQ. LOPEZ OTERO,2018-01-17 17:00,4,618.58,0,0,0,2643,946,"",5,1,""
401,AP ARQ. LOPEZ OTERO,2018-01-17 18:00,9,618.58,4,1,3,2652,950,2.25,10,5,1.3927094357737468
402,AP ARQ. LOPEZ OTERO,2018-01-17 19:00,9,618.58,2,1,1,2661,952,4.5,10,3,3.642709435773747
403,AP ARQ. LOPEZ OTERO,2018-01-17 20:00,9,618.58,1,0,1,2670,953,9.0,10,2,8.142709435773746
404,AP ARQ. LOPEZ OTERO,2018-01-17 21:00,9,618.58,4,2,2,2679,957,2.25,10,5,1.3927094357737468
405,AP ARQ. LOPEZ OTERO,2018-01-17 22:00,8,618.58,3,2,1,2687,960,2.6666666666666665,9,4,1.8093761024404134
406,AP ARQ. LOPEZ OTERO,2018-01-17 23:00,9,618.58,2,1,1,2696,962,4.5,10,3,3.642709435773747
407,AP ARQ. LOPEZ OTERO,2018-01-18 0:00,4,618.58,2,2,0,2700,964,2.0,5,3,1.1427094357737468
408,AP ARQ. LOPEZ OTERO,2018-01-18 1:00,8,618.58,4,3,1,2708,968,2.0,9,5,1.1427094357737468
409,AP ARQ. LOPEZ OTERO,2018-01-18 2:00,8,618.58,2,1,1,2716,970,4.0,9,3,3.142709435773747
410,AP ARQ. LOPEZ OTERO,2018-01-18 3:00,9,618.58,2,1,1,2725,972,4.5,10,3,3.642709435773747
411,AP ARQ. LOPEZ OTERO,2018-01-18 4:00,8,618.58,4,4,0,2733,976,2.0,9,5,1.1427094357737468
412,AP ARQ. LOPEZ OTERO,2018-01-18 5:00,9,618.58,5,4,1,2742,981,1.8,10,6,0.9427094357737469
413,AP ARQ. LOPEZ OTERO,2018-01-18 6:00,9,618.58,2,1,1,2751,983,4.5,10,3,3.642709435773747
414,AP ARQ. LOPEZ OTERO,2018-01-18 7:00,8,618.58,5,2,3,2759,988,1.6,9,6,0.7427094357737469
415,AP ARQ. LOPEZ OTERO,2018-01-18 8:00,8,618.58,1,1,0,2767,989,8.0,9,2,7.142709435773747
416,AP ARQ. LOPEZ OTERO,2018-01-18 9:00,3,618.58,1,1,0,2770,990,3.0,4,2,2.142709435773747
417,AP ARQ. LOPEZ OTERO,2018-01-18 10:00,3,618.58,1,0,1,2773,991,3.0,4,2,2.142709435773747
418,AP ARQ. LOPEZ OTERO,2018-01-18 11:00,3,618.58,0,0,0,2776,991,"",4,1,""
419,AP ARQ. LOPEZ OTERO,2018-01-18 12:00,3,618.58,5,4,1,2779,996,0.6,4,6,-0.2572905642262532
420,AP ARQ. LOPEZ OTERO,2018-01-18 13:00,3,618.58,1,0,1,2782,997,3.0,4,2,2.142709435773747
421,AP ARQ. LOPEZ OTERO,2018-01-18 14:00,4,618.58,5,1,4,2786,1002,0.8,5,6,-0.057290564226253116
422,AP ARQ. LOPEZ OTERO,2018-01-18 15:00,4,618.58,1,1,0,2790,1003,4.0,5,2,3.142709435773747
423,AP ARQ. LOPEZ OTERO,2018-01-18 16:00,4,618.58,1,1,0,2794,1004,4.0,5,2,3.142709435773747
424,AP ARQ. LOPEZ OTERO,2018-01-18 17:00,3,618.58,3,3,0,2797,1007,1.0,4,4,0.14270943577374684
425,AP ARQ. LOPEZ OTERO,2018-01-18 18:00,8,618.58,4,1,3,2805,1011,2.0,9,5,1.1427094357737468
426,AP ARQ. LOPEZ OTERO,2018-01-18 19:00,8,618.58,0,0,0,2813,1011,"",9,1,""
427,AP ARQ. LOPEZ OTERO,2018-01-18 20:00,9,618.58,2,1,1,2822,1013,4.5,10,3,3.642709435773747
428,AP ARQ. LOPEZ OTERO,2018-01-18 21:00,9,618.58,4,1,3,2831,1017,2.25,10,5,1.3927094357737468
429,AP ARQ. LOPEZ OTERO,2018-01-18 22:00,9,618.58,5,4,1,2840,1022,1.8,10,6,0.9427094357737469
430,AP ARQ. LOPEZ OTERO,2018-01-18 23:00,9,618.58,0,0,0,2849,1022,"",10,1,""
431,AP ARQ. LOPEZ OTERO,2018-01-19 0:00,4,618.58,3,3,0,2853,1025,1.3333333333333333,5,4,0.4760427691070801
432,AP ARQ. LOPEZ OTERO,2018-01-19 1:00,8,618.58,1,0,1,2861,1026,8.0,9,2,7.142709435773747
433,AP ARQ. LOPEZ OTERO,2018-01-19 2:00,8,618.58,1,1,0,2869,1027,8.0,9,2,7.142709435773747
434,AP ARQ. LOPEZ OTERO,2018-01-19 3:00,8,618.58,2,1,1,2877,1029,4.0,9,3,3.142709435773747
435,AP ARQ. LOPEZ OTERO,2018-01-19 4:00,8,618.58,4,4,0,2885,1033,2.0,9,5,1.1427094357737468
436,AP ARQ. LOPEZ OTERO,2018-01-19 5:00,8,618.58,3,2,1,2893,1036,2.6666666666666665,9,4,1.8093761024404134
437,AP ARQ. LOPEZ OTERO,2018-01-19 6:00,8,618.58,3,2,1,2901,1039,2.6666666666666665,9,4,1.8093761024404134
438,AP ARQ. LOPEZ OTERO,2018-01-19 7:00,9,618.58,1,1,0,2910,1040,9.0,10,2,8.142709435773746
439,AP ARQ. LOPEZ OTERO,2018-01-19 8:00,8,618.58,5,3,2,2918,1045,1.6,9,6,0.7427094357737469
440,AP ARQ. LOPEZ OTERO,2018-01-19 9:00,3,618.58,1,1,0,2921,1046,3.0,4,2,2.142709435773747
441,AP ARQ. LOPEZ OTERO,2018-01-19 10:00,4,618.58,3,3,0,2925,1049,1.3333333333333333,5,4,0.4760427691070801
442,AP ARQ. LOPEZ OTERO,2018-01-19 11:00,3,618.58,3,2,1,2928,1052,1.0,4,4,0.14270943577374684
443,AP ARQ. LOPEZ OTERO,2018-01-19 12:00,3,618.58,2,1,1,2931,1054,1.5,4,3,0.6427094357737468
444,AP ARQ. LOPEZ OTERO,2018-01-19 13:00,3,618.58,1,1,0,2934,1055,3.0,4,2,2.142709435773747
445,AP ARQ. LOPEZ OTERO,2018-01-19 14:00,4,618.58,3,2,1,2938,1058,1.3333333333333333,5,4,0.4760427691070801
446,AP ARQ. LOPEZ OTERO,2018-01-19 15:00,4,618.58,0,0,0,2942,1058,"",5,1,""
447,AP ARQ. LOPEZ OTERO,2018-01-19 16:00,4,618.58,1,1,0,2946,1059,4.0,5,2,3.142709435773747
448,AP ARQ. LOPEZ OTERO,2018-01-19 17:00,4,618.58,1,0,1,2950,1060,4.0,5,2,3.142709435773747
449,AP ARQ. LOPEZ OTERO,2018-01-19 18:00,8,618.58,1,1,0,2958,1061,8.0,9,2,7.142709435773747
450,AP ARQ. LOPEZ OTERO,2018-01-19 19:00,9,618.58,4,1,3,2967,1065,2.25,10,5,1.3927094357737468
451,AP ARQ. LOPEZ OTERO,2018-01-19 20:00,9,618.58,1,0,1,2976,1066,9.0,10,2,8.142709435773746
452,AP ARQ. LOPEZ OTERO,2018-01-19 21:00,9,618.58,2,2,0,2985,1068,4.5,10,3,3.642709435773747
453,AP ARQ. LOPEZ OTERO,2018-01-19 22:00,9,618.58,5,2,3,2994,1073,1.8,10,6,0.9427094357737469
454,AP ARQ. LOPEZ OTERO,2018-01-19 23:00,8,618.58,2,1,1,3002,1075,4.0,9,3,3.142709435773747
455,AP ARQ. LOPEZ OTERO,2018-01-20 0:00,4,618.58,4,3,1,3006,1079,1.0,5,5,0.14270943577374684
456,AP ARQ. LOPEZ OTERO,2018-01-20 1:00,8,618.58,2,2,0,3014,1081,4.0,9,3,3.142709435773747
457,AP ARQ. LOPEZ OTERO,2018-01-20 2:00,8,618.58,0,0,0,3022,1081,"",9,1,""
458,AP ARQ. LOPEZ OTERO,2018-01-20 3:00,8,618.58,1,1,0,3030,1082,8.0,9,2,7.142709435773747
459,AP ARQ. LOPEZ OTERO,2018-01-20 4:00,8,618.58,4,2,2,3038,1086,2.0,9,5,1.1427094357737468
460,AP ARQ. LOPEZ OTERO,2018-01-20 5:00,8,618.58,1,1,0,3046,1087,8.0,9,2,7.142709435773747
461,AP ARQ. LOPEZ OTERO,2018-01-20 6:00,8,618.58,1,1,0,3054,1088,8.0,9,2,7.142709435773747
462,AP ARQ. LOPEZ OTERO,2018-01-20 7:00,9,618.58,3,1,2,3063,1091,3.0,10,4,2.142709435773747
463,AP ARQ. LOPEZ OTERO,2018-01-20 8:00,8,618.58,4,4,0,3071,1095,2.0,9,5,1.1427094357737468
464,AP ARQ. LOPEZ OTERO,2018-01-20 9:00,8,618.58,1,1,0,3079,1096,8.0,9,2,7.142709435773747
465,AP ARQ. LOPEZ OTERO,2018-01-20 10:00,8,618.58,3,3,0,3087,1099,2.6666666666666665,9,4,1.8093761024404134
466,AP ARQ. LOPEZ OTERO,2018-01-20 11:00,8,618.58,6,0,6,3095,1105,1.3333333333333333,9,7,0.4760427691070801
467,AP ARQ. LOPEZ OTERO,2018-01-20 12:00,8,618.58,4,1,3,3103,1109,2.0,9,5,1.1427094357737468
468,AP ARQ. LOPEZ OTERO,2018-01-20 13:00,8,618.58,7,4,3,3111,1116,1.1428571428571428,9,8,0.28556657863088963
469,AP ARQ. LOPEZ OTERO,2018-01-20 14:00,9,618.58,2,2,0,3120,1118,4.5,10,3,3.642709435773747
470,AP ARQ. LOPEZ OTERO,2018-01-20 15:00,9,618.58,4,2,2,3129,1122,2.25,10,5,1.3927094357737468
471,AP ARQ. LOPEZ OTERO,2018-01-20 16:00,9,618.58,6,5,1,3138,1128,1.5,10,7,0.6427094357737468
472,AP ARQ. LOPEZ OTERO,2018-01-20 17:00,9,618.58,3,3,0,3147,1131,3.0,10,4,2.142709435773747
473,AP ARQ. LOPEZ OTERO,2018-01-20 18:00,8,618.58,3,1,2,3155,1134,2.6666666666666665,9,4,1.8093761024404134
474,AP ARQ. LOPEZ OTERO,2018-01-20 19:00,4,618.58,0,0,0,3159,1134,"",5,1,""
475,AP ARQ. LOPEZ OTERO,2018-01-20 20:00,4,618.58,6,0,6,3163,1140,0.6666666666666666,5,7,-0.19062389755958653
476,AP ARQ. LOPEZ OTERO,2018-01-20 21:00,4,618.58,3,3,0,3167,1143,1.3333333333333333,5,4,0.4760427691070801
477,AP ARQ. LOPEZ OTERO,2018-01-20 22:00,4,618.58,1,1,0,3171,1144,4.0,5,2,3.142709435773747
478,AP ARQ. LOPEZ OTERO,2018-01-20 23:00,3,618.58,3,3,0,3174,1147,1.0,4,4,0.14270943577374684
479,AP ARQ. LOPEZ OTERO,2018-01-21 0:00,3,618.58,1,0,1,3177,1148,3.0,4,2,2.142709435773747
480,AP ARQ. LOPEZ OTERO,2018-01-21 1:00,9,618.58,2,1,1,3186,1150,4.5,10,3,3.642709435773747
481,AP ARQ. LOPEZ OTERO,2018-01-21 2:00,9,618.58,6,4,2,3195,1156,1.5,10,7,0.6427094357737468
482,AP ARQ. LOPEZ OTERO,2018-01-21 3:00,9,618.58,5,2,3,3204,1161,1.8,10,6,0.9427094357737469
483,AP ARQ. LOPEZ OTERO,2018-01-21 4:00,9,618.58,2,0,2,3213,1163,4.5,10,3,3.642709435773747
484,AP ARQ. LOPEZ OTERO,2018-01-21 5:00,9,618.58,4,2,2,3222,1167,2.25,10,5,1.3927094357737468
485,AP ARQ. LOPEZ OTERO,2018-01-21 6:00,9,618.58,0,0,0,3231,1167,"",10,1,""
486,AP ARQ. LOPEZ OTERO,2018-01-21 7:00,8,618.58,3,2,1,3239,1170,2.6666666666666665,9,4,1.8093761024404134
487,AP ARQ. LOPEZ OTERO,2018-01-21 8:00,8,618.58,1,0,1,3247,1171,8.0,9,2,7.142709435773747
488,AP ARQ. LOPEZ OTERO,2018-01-21 9:00,8,618.58,3,3,0,3255,1174,2.6666666666666665,9,4,1.8093761024404134
489,AP ARQ. LOPEZ OTERO,2018-01-21 10:00,8,618.58,1,1,0,3263,1175,8.0,9,2,7.142709435773747
490,AP ARQ. LOPEZ OTERO,2018-01-21 11:00,9,618.58,3,2,1,3272,1178,3.0,10,4,2.142709435773747
491,AP ARQ. LOPEZ OTERO,2018-01-21 12:00,8,618.58,2,0,2,3280,1180,4.0,9,3,3.142709435773747
492,AP ARQ. LOPEZ OTERO,2018-01-21 13:00,8,618.58,4,3,1,3288,1184,2.0,9,5,1.1427094357737468
493,AP ARQ. LOPEZ OTERO,2018-01-21 14:00,8,618.58,0,0,0,3296,1184,"",9,1,""
494,AP ARQ. LOPEZ OTERO,2018-01-21 15:00,9,618.58,2,0,2,3305,1186,4.5,10,3,3.642709435773747
495,AP ARQ. LOPEZ OTERO,2018-01-21 16:00,8,618.58,5,0,5,3313,1191,1.6,9,6,0.7427094357737469
496,AP ARQ. LOPEZ OTERO,2018-01-21 17:00,8,618.58,2,2,0,3321,1193,4.0,9,3,3.142709435773747
497,AP ARQ. LOPEZ OTERO,2018-01-21 18:00,8,618.58,4,3,1,3329,1197,2.0,9,5,1.1427094357737468
498,AP ARQ. LOPEZ OTERO,2018-01-21 19:00,4,618.58,1,1,0,3333,1198,4.0,5,2,3.142709435773747
499,AP ARQ. LOPEZ OTERO,2018-01-21 20:00,4,618.58,0,0,0,3337,1198,"",5,1,""
500,AP ARQ. LOPEZ OTERO,2018-01-21 21:00,4,618.58,1,1,0,3341,1199,4.0,5,2,3.142709435773747
501,AP ARQ. LOPEZ OTERO,2018-01-21 22:00,4,618.58,4,3,1,3345,1203,1.0,5,5,0.14270943577374684
502,AP ARQ. LOPEZ OTERO,2018-01-21 23:00,3,618.58,2,2,0,3348,1205,1.5,4,3,0.6427094357737468
503,AP ARQ. LOPEZ OTERO,2018-01-22 0:00,4,618.58,1,0,1,3352,1206,4.0,5,2,3.142709435773747
504,AP ARQ. LOPEZ OTERO,2018-01-22 1:00,7,618.58,1,0,1,3359,1207,7.0,8,2,6.142709435773747
505,AP ARQ. LOPEZ OTERO,2018-01-22 2:00,8,618.58,5,4,1,3367,1212,1.6,9,6,0.7427094357737469
506,AP ARQ. LOPEZ OTERO,2018-01-22 3:00,8,618.58,2,0,2,3375,1214,4.0,9,3,3.142709435773747
507,AP ARQ. LOPEZ OTERO,2018-01-22 4:00,9,618.58,4,3,1,3384,1218,2.25,10,5,1.3927094357737468
508,AP ARQ. LOPEZ OTERO,2018-01-22 5:00,8,618.58,2,1,1,3392,1220,4.0,9,3,3.142709435773747
509,AP ARQ. LOPEZ OTERO,2018-01-22 6:00,8,618.58,4,0,4,3400,1224,2.0,9,5,1.1427094357737468
510,AP ARQ. LOPEZ OTERO,2018-01-22 7:00,8,618.58,3,3,0,3408,1227,2.6666666666666665,9,4,1.8093761024404134
511,AP ARQ. LOPEZ OTERO,2018-01-22 8:00,8,618.58,1,1,0,3416,1228,8.0,9,2,7.142709435773747
512,AP ARQ. LOPEZ OTERO,2018-01-22 9:00,3,618.58,4,2,2,3419,1232,0.75,4,5,-0.10729056422625316
513,AP ARQ. LOPEZ OTERO,2018-01-22 10:00,3,618.58,5,4,1,3422,1237,0.6,4,6,-0.2572905642262532
514,AP ARQ. LOPEZ OTERO,2018-01-22 11:00,3,618.58,0,0,0,3425,1237,"",4,1,""
515,AP ARQ. LOPEZ OTERO,2018-01-22 12:00,3,618.58,0,0,0,3428,1237,"",4,1,""
516,AP ARQ. LOPEZ OTERO,2018-01-22 13:00,3,618.58,3,1,2,3431,1240,1.0,4,4,0.14270943577374684
517,AP ARQ. LOPEZ OTERO,2018-01-22 14:00,4,618.58,0,0,0,3435,1240,"",5,1,""
518,AP ARQ. LOPEZ OTERO,2018-01-22 15:00,3,618.58,2,1,1,3438,1242,1.5,4,3,0.6427094357737468
519,AP ARQ. LOPEZ OTERO,2018-01-22 16:00,3,618.58,3,2,1,3441,1245,1.0,4,4,0.14270943577374684
520,AP ARQ. LOPEZ OTERO,2018-01-22 17:00,3,618.58,4,2,2,3444,1249,0.75,4,5,-0.10729056422625316
521,AP ARQ. LOPEZ OTERO,2018-01-22 18:00,8,618.58,4,3,1,3452,1253,2.0,9,5,1.1427094357737468
522,AP ARQ. LOPEZ OTERO,2018-01-22 19:00,8,618.58,4,4,0,3460,1257,2.0,9,5,1.1427094357737468
523,AP ARQ. LOPEZ OTERO,2018-01-22 20:00,8,618.58,1,1,0,3468,1258,8.0,9,2,7.142709435773747
524,AP ARQ. LOPEZ OTERO,2018-01-22 21:00,9,618.58,2,2,0,3477,1260,4.5,10,3,3.642709435773747
525,AP ARQ. LOPEZ OTERO,2018-01-22 22:00,9,618.58,3,1,2,3486,1263,3.0,10,4,2.142709435773747
526,AP ARQ. LOPEZ OTERO,2018-01-22 23:00,8,618.58,3,3,0,3494,1266,2.6666666666666665,9,4,1.8093761024404134
527,AP ARQ. LOPEZ OTERO,2018-01-23 0:00,3,618.58,3,2,1,3497,1269,1.0,4,4,0.14270943577374684
528,AP ARQ. LOPEZ OTERO,2018-01-23 1:00,9,618.58,1,0,1,3506,1270,9.0,10,2,8.142709435773746
529,AP ARQ. LOPEZ OTERO,2018-01-23 2:00,9,618.58,3,2,1,3515,1273,3.0,10,4,2.142709435773747
530,AP ARQ. LOPEZ OTERO,2018-01-23 3:00,8,618.58,3,1,2,3523,1276,2.6666666666666665,9,4,1.8093761024404134
531,AP ARQ. LOPEZ OTERO,2018-01-23 4:00,8,618.58,2,2,0,3531,1278,4.0,9,3,3.142709435773747
532,AP ARQ. LOPEZ OTERO,2018-01-23 5:00,9,618.58,2,1,1,3540,1280,4.5,10,3,3.642709435773747
533,AP ARQ. LOPEZ OTERO,2018-01-23 6:00,9,618.58,4,4,0,3549,1284,2.25,10,5,1.3927094357737468
534,AP ARQ. LOPEZ OTERO,2018-01-23 7:00,8,618.58,0,0,0,3557,1284,"",9,1,""
535,AP ARQ. LOPEZ OTERO,2018-01-23 8:00,8,618.58,1,1,0,3565,1285,8.0,9,2,7.142709435773747
536,AP ARQ. LOPEZ OTERO,2018-01-23 9:00,4,618.58,2,1,1,3569,1287,2.0,5,3,1.1427094357737468
537,AP ARQ. LOPEZ OTERO,2018-01-23 10:00,4,618.58,1,0,1,3573,1288,4.0,5,2,3.142709435773747
538,AP ARQ. LOPEZ OTERO,2018-01-23 11:00,4,618.58,5,2,3,3577,1293,0.8,5,6,-0.057290564226253116
539,AP ARQ. LOPEZ OTERO,2018-01-23 12:00,4,618.58,7,6,1,3581,1300,0.5714285714285714,5,8,-0.28586199279768176
540,AP ARQ. LOPEZ OTERO,2018-01-23 13:00,4,618.58,3,3,0,3585,1303,1.3333333333333333,5,4,0.4760427691070801
541,AP ARQ. LOPEZ OTERO,2018-01-23 14:00,4,618.58,4,4,0,3589,1307,1.0,5,5,0.14270943577374684
542,AP ARQ. LOPEZ OTERO,2018-01-23 15:00,4,618.58,4,1,3,3593,1311,1.0,5,5,0.14270943577374684
543,AP ARQ. LOPEZ OTERO,2018-01-23 16:00,4,618.58,4,0,4,3597,1315,1.0,5,5,0.14270943577374684
544,AP ARQ. LOPEZ OTERO,2018-01-23 17:00,3,618.58,3,1,2,3600,1318,1.0,4,4,0.14270943577374684
545,AP ARQ. LOPEZ OTERO,2018-01-23 18:00,8,618.58,1,1,0,3608,1319,8.0,9,2,7.142709435773747
546,AP ARQ. LOPEZ OTERO,2018-01-23 19:00,9,618.58,5,5,0,3617,1324,1.8,10,6,0.9427094357737469
547,AP ARQ. LOPEZ OTERO,2018-01-23 20:00,9,618.58,0,0,0,3626,1324,"",10,1,""
548,AP ARQ. LOPEZ OTERO,2018-01-23 21:00,9,618.58,2,0,2,3635,1326,4.5,10,3,3.642709435773747
549,AP ARQ. LOPEZ OTERO,2018-01-23 22:00,9,618.58,4,4,0,3644,1330,2.25,10,5,1.3927094357737468
550,AP ARQ. LOPEZ OTERO,2018-01-23 23:00,9,618.58,3,3,0,3653,1333,3.0,10,4,2.142709435773747
551,AP ARQ. LOPEZ OTERO,2018-01-24 0:00,4,618.58,2,2,0,3657,1335,2.0,5,3,1.1427094357737468
552,AP ARQ. LOPEZ OTERO,2018-01-24 1:00,9,618.58,2,2,0,3666,1337,4.5,10,3,3.642709435773747
553,AP ARQ. LOPEZ OTERO,2018-01-24 2:00,9,618.58,3,2,1,3675,1340,3.0,10,4,2.142709435773747
554,AP ARQ. LOPEZ OTERO,2018-01-24 3:00,9,618.58,1,1,0,3684,1341,9.0,10,2,8.142709435773746
555,AP ARQ. LOPEZ OTERO,2018-01-24 4:00,9,618.58,2,0,2,3693,1343,4.5,10,3,3.642709435773747
556,AP ARQ. LOPEZ OTERO,2018-01-24 5:00,9,618.58,5,4,1,3702,1348,1.8,10,6,0.9427094357737469
557,AP ARQ. LOPEZ OTERO,2018-01-24 6:00,8,618.58,3,1,2,3710,1351,2.6666666666666665,9,4,1.8093761024404134
558,AP ARQ. LOPEZ OTERO,2018-01-24 7:00,8,618.58,3,0,3,3718,1354,2.6666666666666665,9,4,1.8093761024404134
559,AP ARQ. LOPEZ OTERO,2018-01-24 8:00,8,618.58,2,1,1,3726,1356,4.0,9,3,3.142709435773747
560,AP ARQ. LOPEZ OTERO,2018-01-24 9:00,3,618.58,2,1,1,3729,1358,1.5,4,3,0.6427094357737468
561,AP ARQ. LOPEZ OTERO,2018-01-24 10:00,4,618.58,0,0,0,3733,1358,"",5,1,""
562,AP ARQ. LOPEZ OTERO,2018-01-24 11:00,3,618.58,3,1,2,3736,1361,1.0,4,4,0.14270943577374684
563,AP ARQ. LOPEZ OTERO,2018-01-24 12:00,4,618.58,0,0,0,3740,1361,"",5,1,""
564,AP ARQ. LOPEZ OTERO,2018-01-24 13:00,4,618.58,5,0,5,3744,1366,0.8,5,6,-0.057290564226253116
565,AP ARQ. LOPEZ OTERO,2018-01-24 14:00,4,618.58,2,0,2,3748,1368,2.0,5,3,1.1427094357737468
566,AP ARQ. LOPEZ OTERO,2018-01-24 15:00,4,618.58,4,2,2,3752,1372,1.0,5,5,0.14270943577374684
567,AP ARQ. LOPEZ OTERO,2018-01-24 16:00,4,618.58,6,0,6,3756,1378,0.6666666666666666,5,7,-0.19062389755958653
568,AP ARQ. LOPEZ OTERO,2018-01-24 17:00,4,618.58,2,1,1,3760,1380,2.0,5,3,1.1427094357737468
569,AP ARQ. LOPEZ OTERO,2018-01-24 18:00,9,618.58,0,0,0,3769,1380,"",10,1,""
570,AP ARQ. LOPEZ OTERO,2018-01-24 19:00,9,618.58,2,1,1,3778,1382,4.5,10,3,3.642709435773747
571,AP ARQ. LOPEZ OTERO,2018-01-24 20:00,9,618.58,1,1,0,3787,1383,9.0,10,2,8.142709435773746
572,AP ARQ. LOPEZ OTERO,2018-01-24 21:00,9,618.58,0,0,0,3796,1383,"",10,1,""
573,AP ARQ. LOPEZ OTERO,2018-01-24 22:00,8,618.58,5,3,2,3804,1388,1.6,9,6,0.7427094357737469
574,AP ARQ. LOPEZ OTERO,2018-01-24 23:00,9,618.58,1,1,0,3813,1389,9.0,10,2,8.142709435773746
575,AP ARQ. LOPEZ OTERO,2018-01-25 0:00,4,618.58,2,2,0,3817,1391,2.0,5,3,1.1427094357737468
576,AP ARQ. LOPEZ OTERO,2018-01-25 1:00,8,618.58,6,2,4,3825,1397,1.3333333333333333,9,7,0.4760427691070801
577,AP ARQ. LOPEZ OTERO,2018-01-25 2:00,8,618.58,4,4,0,3833,1401,2.0,9,5,1.1427094357737468
578,AP ARQ. LOPEZ OTERO,2018-01-25 3:00,9,618.58,6,1,5,3842,1407,1.5,10,7,0.6427094357737468
579,AP ARQ. LOPEZ OTERO,2018-01-25 4:00,8,618.58,1,1,0,3850,1408,8.0,9,2,7.142709435773747
580,AP ARQ. LOPEZ OTERO,2018-01-25 5:00,9,618.58,4,1,3,3859,1412,2.25,10,5,1.3927094357737468
581,AP ARQ. LOPEZ OTERO,2018-01-25 6:00,9,618.58,5,2,3,3868,1417,1.8,10,6,0.9427094357737469
582,AP ARQ. LOPEZ OTERO,2018-01-25 7:00,8,618.58,5,2,3,3876,1422,1.6,9,6,0.7427094357737469
583,AP ARQ. LOPEZ OTERO,2018-01-25 8:00,8,618.58,1,1,0,3884,1423,8.0,9,2,7.142709435773747
584,AP ARQ. LOPEZ OTERO,2018-01-25 9:00,3,618.58,1,0,1,3887,1424,3.0,4,2,2.142709435773747
585,AP ARQ. LOPEZ OTERO,2018-01-25 10:00,3,618.58,2,1,1,3890,1426,1.5,4,3,0.6427094357737468
586,AP ARQ. LOPEZ OTERO,2018-01-25 11:00,3,618.58,2,1,1,3893,1428,1.5,4,3,0.6427094357737468
587,AP ARQ. LOPEZ OTERO,2018-01-25 12:00,3,618.58,1,1,0,3896,1429,3.0,4,2,2.142709435773747
588,AP ARQ. LOPEZ OTERO,2018-01-25 13:00,3,618.58,3,1,2,3899,1432,1.0,4,4,0.14270943577374684
589,AP ARQ. LOPEZ OTERO,2018-01-25 14:00,4,618.58,2,2,0,3903,1434,2.0,5,3,1.1427094357737468
590,AP ARQ. LOPEZ OTERO,2018-01-25 15:00,4,618.58,0,0,0,3907,1434,"",5,1,""
591,AP ARQ. LOPEZ OTERO,2018-01-25 16:00,4,618.58,3,3,0,3911,1437,1.3333333333333333,5,4,0.4760427691070801
592,AP ARQ. LOPEZ OTERO,2018-01-25 17:00,3,618.58,1,1,0,3914,1438,3.0,4,2,2.142709435773747
593,AP ARQ. LOPEZ OTERO,2018-01-25 18:00,8,618.58,4,4,0,3922,1442,2.0,9,5,1.1427094357737468
594,AP ARQ. LOPEZ OTERO,2018-01-25 19:00,8,618.58,2,1,1,3930,1444,4.0,9,3,3.142709435773747
595,AP ARQ. LOPEZ OTERO,2018-01-25 20:00,9,618.58,2,2,0,3939,1446,4.5,10,3,3.642709435773747
596,AP ARQ. LOPEZ OTERO,2018-01-25 21:00,9,618.58,3,1,2,3948,1449,3.0,10,4,2.142709435773747
597,AP ARQ. LOPEZ OTERO,2018-01-25 22:00,9,618.58,0,0,0,3957,1449,"",10,1,""
598,AP ARQ. LOPEZ OTERO,2018-01-25 23:00,9,618.58,1,1,0,3966,1450,9.0,10,2,8.142709435773746
599,AP ARQ. LOPEZ OTERO,2018-01-26 0:00,4,618.58,1,1,0,3970,1451,4.0,5,2,3.142709435773747
600,AP ARQ. LOPEZ OTERO,2018-01-26 1:00,8,618.58,1,1,0,3978,1452,8.0,9,2,7.142709435773747
601,AP ARQ. LOPEZ OTERO,2018-01-26 2:00,8,618.58,3,2,1,3986,1455,2.6666666666666665,9,4,1.8093761024404134
602,AP ARQ. LOPEZ OTERO,2018-01-26 3:00,8,618.58,3,2,1,3994,1458,2.6666666666666665,9,4,1.8093761024404134
603,AP ARQ. LOPEZ OTERO,2018-01-26 4:00,8,618.58,3,3,0,4002,1461,2.6666666666666665,9,4,1.8093761024404134
604,AP ARQ. LOPEZ OTERO,2018-01-26 5:00,8,618.58,0,0,0,4010,1461,"",9,1,""
605,AP ARQ. LOPEZ OTERO,2018-01-26 6:00,8,618.58,3,1,2,4018,1464,2.6666666666666665,9,4,1.8093761024404134
606,AP ARQ. LOPEZ OTERO,2018-01-26 7:00,9,618.58,3,2,1,4027,1467,3.0,10,4,2.142709435773747
607,AP ARQ. LOPEZ OTERO,2018-01-26 8:00,8,618.58,2,2,0,4035,1469,4.0,9,3,3.142709435773747
608,AP ARQ. LOPEZ OTERO,2018-01-26 9:00,3,618.58,0,0,0,4038,1469,"",4,1,""
609,AP ARQ. LOPEZ OTERO,2018-01-26 10:00,4,618.58,0,0,0,4042,1469,"",5,1,""
610,AP ARQ. LOPEZ OTERO,2018-01-26 11:00,3,618.58,2,1,1,4045,1471,1.5,4,3,0.6427094357737468
611,AP ARQ. LOPEZ OTERO,2018-01-26 12:00,3,618.58,4,0,4,4048,1475,0.75,4,5,-0.10729056422625316
612,AP ARQ. LOPEZ OTERO,2018-01-26 13:00,3,618.58,2,2,0,4051,1477,1.5,4,3,0.6427094357737468
613,AP ARQ. LOPEZ OTERO,2018-01-26 14:00,4,618.58,2,2,0,4055,1479,2.0,5,3,1.1427094357737468
614,AP ARQ. LOPEZ OTERO,2018-01-26 15:00,4,618.58,4,3,1,4059,1483,1.0,5,5,0.14270943577374684
615,AP ARQ. LOPEZ OTERO,2018-01-26 16:00,4,618.58,3,2,1,4063,1486,1.3333333333333333,5,4,0.4760427691070801
616,AP ARQ. LOPEZ OTERO,2018-01-26 17:00,4,618.58,1,1,0,4067,1487,4.0,5,2,3.142709435773747
617,AP ARQ. LOPEZ OTERO,2018-01-26 18:00,8,618.58,2,2,0,4075,1489,4.0,9,3,3.142709435773747
618,AP ARQ. LOPEZ OTERO,2018-01-26 19:00,9,618.58,3,2,1,4084,1492,3.0,10,4,2.142709435773747
619,AP ARQ. LOPEZ OTERO,2018-01-26 20:00,9,618.58,2,1,1,4093,1494,4.5,10,3,3.642709435773747
620,AP ARQ. LOPEZ OTERO,2018-01-26 21:00,9,618.58,1,1,0,4102,1495,9.0,10,2,8.142709435773746
621,AP ARQ. LOPEZ OTERO,2018-01-26 22:00,9,618.58,2,1,1,4111,1497,4.5,10,3,3.642709435773747
622,AP ARQ. LOPEZ OTERO,2018-01-26 23:00,8,618.58,3,1,2,4119,1500,2.6666666666666665,9,4,1.8093761024404134
623,AP ARQ. LOPEZ OTERO,2018-01-27 0:00,4,618.58,5,1,4,4123,1505,0.8,5,6,-0.057290564226253116
624,AP ARQ. LOPEZ OTERO,2018-01-27 1:00,8,618.58,4,4,0,4131,1509,2.0,9,5,1.1427094357737468
625,AP ARQ. LOPEZ OTERO,2018-01-27 2:00,8,618.58,3,1,2,4139,1512,2.6666666666666665,9,4,1.8093761024404134
626,AP ARQ. LOPEZ OTERO,2018-01-27 3:00,8,618.58,3,1,2,4147,1515,2.6666666666666665,9,4,1.8093761024404134
627,AP ARQ. LOPEZ OTERO,2018-01-27 4:00,8,618.58,1,1,0,4155,1516,8.0,9,2,7.142709435773747
628,AP ARQ. LOPEZ OTERO,2018-01-27 5:00,8,618.58,2,2,0,4163,1518,4.0,9,3,3.142709435773747
629,AP ARQ. LOPEZ OTERO,2018-01-27 6:00,8,618.58,0,0,0,4171,1518,"",9,1,""
630,AP ARQ. LOPEZ OTERO,2018-01-27 7:00,9,618.58,1,0,1,4180,1519,9.0,10,2,8.142709435773746
631,AP ARQ. LOPEZ OTERO,2018-01-27 8:00,8,618.58,3,2,1,4188,1522,2.6666666666666665,9,4,1.8093761024404134
632,AP ARQ. LOPEZ OTERO,2018-01-27 9:00,8,618.58,1,1,0,4196,1523,8.0,9,2,7.142709435773747
633,AP ARQ. LOPEZ OTERO,2018-01-27 10:00,8,618.58,4,1,3,4204,1527,2.0,9,5,1.1427094357737468
634,AP ARQ. LOPEZ OTERO,2018-01-27 11:00,8,618.58,2,1,1,4212,1529,4.0,9,3,3.142709435773747
635,AP ARQ. LOPEZ OTERO,2018-01-27 12:00,8,618.58,6,6,0,4220,1535,1.3333333333333333,9,7,0.4760427691070801
636,AP ARQ. LOPEZ OTERO,2018-01-27 13:00,8,618.58,3,3,0,4228,1538,2.6666666666666665,9,4,1.8093761024404134
637,AP ARQ. LOPEZ OTERO,2018-01-27 14:00,9,618.58,3,1,2,4237,1541,3.0,10,4,2.142709435773747
638,AP ARQ. LOPEZ OTERO,2018-01-27 15:00,9,618.58,1,1,0,4246,1542,9.0,10,2,8.142709435773746
639,AP ARQ. LOPEZ OTERO,2018-01-27 16:00,9,618.58,3,1,2,4255,1545,3.0,10,4,2.142709435773747
640,AP ARQ. LOPEZ OTERO,2018-01-27 17:00,9,618.58,1,1,0,4264,1546,9.0,10,2,8.142709435773746
641,AP ARQ. LOPEZ OTERO,2018-01-27 18:00,8,618.58,3,2,1,4272,1549,2.6666666666666665,9,4,1.8093761024404134
642,AP ARQ. LOPEZ OTERO,2018-01-27 19:00,4,618.58,0,0,0,4276,1549,"",5,1,""
643,AP ARQ. LOPEZ OTERO,2018-01-27 20:00,4,618.58,1,0,1,4280,1550,4.0,5,2,3.142709435773747
644,AP ARQ. LOPEZ OTERO,2018-01-27 21:00,4,618.58,6,4,2,4284,1556,0.6666666666666666,5,7,-0.19062389755958653
645,AP ARQ. LOPEZ OTERO,2018-01-27 22:00,4,618.58,2,2,0,4288,1558,2.0,5,3,1.1427094357737468
646,AP ARQ. LOPEZ OTERO,2018-01-27 23:00,3,618.58,2,1,1,4291,1560,1.5,4,3,0.6427094357737468
647,AP ARQ. LOPEZ OTERO,2018-01-28 0:00,3,618.58,1,1,0,4294,1561,3.0,4,2,2.142709435773747
648,AP ARQ. LOPEZ OTERO,2018-01-28 1:00,9,618.58,4,3,1,4303,1565,2.25,10,5,1.3927094357737468
649,AP ARQ. LOPEZ OTERO,2018-01-28 2:00,9,618.58,2,2,0,4312,1567,4.5,10,3,3.642709435773747
650,AP ARQ. LOPEZ OTERO,2018-01-28 3:00,9,618.58,6,3,3,4321,1573,1.5,10,7,0.6427094357737468
651,AP ARQ. LOPEZ OTERO,2018-01-28 4:00,9,618.58,4,2,2,4330,1577,2.25,10,5,1.3927094357737468
652,AP ARQ. LOPEZ OTERO,2018-01-28 5:00,9,618.58,2,0,2,4339,1579,4.5,10,3,3.642709435773747
653,AP ARQ. LOPEZ OTERO,2018-01-28 6:00,9,618.58,4,2,2,4348,1583,2.25,10,5,1.3927094357737468
654,AP ARQ. LOPEZ OTERO,2018-01-28 7:00,8,618.58,0,0,0,4356,1583,"",9,1,""
655,AP ARQ. LOPEZ OTERO,2018-01-28 8:00,8,618.58,3,3,0,4364,1586,2.6666666666666665,9,4,1.8093761024404134
656,AP ARQ. LOPEZ OTERO,2018-01-28 9:00,8,618.58,1,1,0,4372,1587,8.0,9,2,7.142709435773747
657,AP ARQ. LOPEZ OTERO,2018-01-28 10:00,8,618.58,1,0,1,4380,1588,8.0,9,2,7.142709435773747
658,AP ARQ. LOPEZ OTERO,2018-01-28 11:00,9,618.58,1,1,0,4389,1589,9.0,10,2,8.142709435773746
659,AP ARQ. LOPEZ OTERO,2018-01-28 12:00,8,618.58,3,2,1,4397,1592,2.6666666666666665,9,4,1.8093761024404134
660,AP ARQ. LOPEZ OTERO,2018-01-28 13:00,8,618.58,2,2,0,4405,1594,4.0,9,3,3.142709435773747
661,AP ARQ. LOPEZ OTERO,2018-01-28 14:00,8,618.58,3,2,1,4413,1597,2.6666666666666665,9,4,1.8093761024404134
662,AP ARQ. LOPEZ OTERO,2018-01-28 15:00,9,618.58,1,1,0,4422,1598,9.0,10,2,8.142709435773746
663,AP ARQ. LOPEZ OTERO,2018-01-28 16:00,8,618.58,0,0,0,4430,1598,"",9,1,""
664,AP ARQ. LOPEZ OTERO,2018-01-28 17:00,8,618.58,3,3,0,4438,1601,2.6666666666666665,9,4,1.8093761024404134
665,AP ARQ. LOPEZ OTERO,2018-01-28 18:00,8,618.58,0,0,0,4446,1601,"",9,1,""
666,AP ARQ. LOPEZ OTERO,2018-01-28 19:00,4,618.58,3,3,0,4450,1604,1.3333333333333333,5,4,0.4760427691070801
667,AP ARQ. LOPEZ OTERO,2018-01-28 20:00,4,618.58,2,0,2,4454,1606,2.0,5,3,1.1427094357737468
668,AP ARQ. LOPEZ OTERO,2018-01-28 21:00,4,618.58,1,1,0,4458,1607,4.0,5,2,3.142709435773747
669,AP ARQ. LOPEZ OTERO,2018-01-28 22:00,4,618.58,2,1,1,4462,1609,2.0,5,3,1.1427094357737468
670,AP ARQ. LOPEZ OTERO,2018-01-28 23:00,3,618.58,3,1,2,4465,1612,1.0,4,4,0.14270943577374684
671,AP ARQ. LOPEZ OTERO,2018-01-29 0:00,4,618.58,1,1,0,4469,1613,4.0,5,2,3.142709435773747
672,AP ARQ. LOPEZ OTERO,2018-01-29 1:00,7,618.58,3,3,0,4476,1616,2.3333333333333335,8,4,1.4760427691070803
673,AP ARQ. LOPEZ OTERO,2018-01-29 2:00,8,618.58,5,0,5,4484,1621,1.6,9,6,0.7427094357737469
674,AP ARQ. LOPEZ OTERO,2018-01-29 3:00,8,618.58,0,0,0,4492,1621,"",9,1,""
675,AP ARQ. LOPEZ OTERO,2018-01-29 4:00,9,618.58,3,2,1,4501,1624,3.0,10,4,2.142709435773747
676,AP ARQ. LOPEZ OTERO,2018-01-29 5:00,8,618.58,1,0,1,4509,1625,8.0,9,2,7.142709435773747
677,AP ARQ. LOPEZ OTERO,2018-01-29 6:00,8,618.58,4,2,2,4517,1629,2.0,9,5,1.1427094357737468
678,AP ARQ. LOPEZ OTERO,2018-01-29 7:00,8,618.58,1,1,0,4525,1630,8.0,9,2,7.142709435773747
679,AP ARQ. LOPEZ OTERO,2018-01-29 8:00,8,618.58,1,0,1,4533,1631,8.0,9,2,7.142709435773747
680,AP ARQ. LOPEZ OTERO,2018-01-29 9:00,3,618.58,2,2,0,4536,1633,1.5,4,3,0.6427094357737468
681,AP ARQ. LOPEZ OTERO,2018-01-29 10:00,3,618.58,5,5,0,4539,1638,0.6,4,6,-0.2572905642262532
682,AP ARQ. LOPEZ OTERO,2018-01-29 11:00,3,618.58,1,1,0,4542,1639,3.0,4,2,2.142709435773747
683,AP ARQ. LOPEZ OTERO,2018-01-29 12:00,3,618.58,4,3,1,4545,1643,0.75,4,5,-0.10729056422625316
684,AP ARQ. LOPEZ OTERO,2018-01-29 13:00,3,618.58,2,1,1,4548,1645,1.5,4,3,0.6427094357737468
685,AP ARQ. LOPEZ OTERO,2018-01-29 14:00,4,618.58,0,0,0,4552,1645,"",5,1,""
686,AP ARQ. LOPEZ OTERO,2018-01-29 15:00,3,618.58,4,0,4,4555,1649,0.75,4,5,-0.10729056422625316
687,AP ARQ. LOPEZ OTERO,2018-01-29 16:00,3,618.58,3,2,1,4558,1652,1.0,4,4,0.14270943577374684
688,AP ARQ. LOPEZ OTERO,2018-01-29 17:00,3,618.58,4,4,0,4561,1656,0.75,4,5,-0.10729056422625316
689,AP ARQ. LOPEZ OTERO,2018-01-29 18:00,8,618.58,1,0,1,4569,1657,8.0,9,2,7.142709435773747
690,AP ARQ. LOPEZ OTERO,2018-01-29 19:00,8,618.58,3,3,0,4577,1660,2.6666666666666665,9,4,1.8093761024404134
691,AP ARQ. LOPEZ OTERO,2018-01-29 20:00,8,618.58,1,0,1,4585,1661,8.0,9,2,7.142709435773747
692,AP ARQ. LOPEZ OTERO,2018-01-29 21:00,9,618.58,1,0,1,4594,1662,9.0,10,2,8.142709435773746
693,AP ARQ. LOPEZ OTERO,2018-01-29 22:00,9,618.58,3,3,0,4603,1665,3.0,10,4,2.142709435773747
694,AP ARQ. LOPEZ OTERO,2018-01-29 23:00,8,618.58,1,0,1,4611,1666,8.0,9,2,7.142709435773747
695,AP ARQ. LOPEZ OTERO,2018-01-30 0:00,3,618.58,0,0,0,4614,1666,"",4,1,""
696,AP ARQ. LOPEZ OTERO,2018-01-30 1:00,9,618.58,1,1,0,4623,1667,9.0,10,2,8.142709435773746
697,AP ARQ. LOPEZ OTERO,2018-01-30 2:00,9,618.58,3,3,0,4632,1670,3.0,10,4,2.142709435773747
698,AP ARQ. LOPEZ OTERO,2018-01-30 3:00,8,618.58,1,1,0,4640,1671,8.0,9,2,7.142709435773747
699,AP ARQ. LOPEZ OTERO,2018-01-30 4:00,8,618.58,3,3,0,4648,1674,2.6666666666666665,9,4,1.8093761024404134
700,AP ARQ. LOPEZ OTERO,2018-01-30 5:00,9,618.58,1,1,0,4657,1675,9.0,10,2,8.142709435773746
701,AP ARQ. LOPEZ OTERO,2018-01-30 6:00,9,618.58,2,0,2,4666,1677,4.5,10,3,3.642709435773747
702,AP ARQ. LOPEZ OTERO,2018-01-30 7:00,8,618.58,5,3,2,4674,1682,1.6,9,6,0.7427094357737469
703,AP ARQ. LOPEZ OTERO,2018-01-30 8:00,8,618.58,1,1,0,4682,1683,8.0,9,2,7.142709435773747
704,AP ARQ. LOPEZ OTERO,2018-01-30 9:00,4,618.58,1,1,0,4686,1684,4.0,5,2,3.142709435773747
705,AP ARQ. LOPEZ OTERO,2018-01-30 10:00,4,618.58,1,0,1,4690,1685,4.0,5,2,3.142709435773747
706,AP ARQ. LOPEZ OTERO,2018-01-30 11:00,4,618.58,4,4,0,4694,1689,1.0,5,5,0.14270943577374684
707,AP ARQ. LOPEZ OTERO,2018-01-30 12:00,4,618.58,2,1,1,4698,1691,2.0,5,3,1.1427094357737468
708,AP ARQ. LOPEZ OTERO,2018-01-30 13:00,4,618.58,4,4,0,4702,1695,1.0,5,5,0.14270943577374684
709,AP ARQ. LOPEZ OTERO,2018-01-30 14:00,4,618.58,1,1,0,4706,1696,4.0,5,2,3.142709435773747
710,AP ARQ. LOPEZ OTERO,2018-01-30 15:00,4,618.58,3,1,2,4710,1699,1.3333333333333333,5,4,0.4760427691070801
711,AP ARQ. LOPEZ OTERO,2018-01-30 16:00,4,618.58,3,1,2,4714,1702,1.3333333333333333,5,4,0.4760427691070801
712,AP ARQ. LOPEZ OTERO,2018-01-30 17:00,3,618.58,0,0,0,4717,1702,"",4,1,""
713,AP ARQ. LOPEZ OTERO,2018-01-30 18:00,8,618.58,3,2,1,4725,1705,2.6666666666666665,9,4,1.8093761024404134
714,AP ARQ. LOPEZ OTERO,2018-01-30 19:00,9,618.58,5,5,0,4734,1710,1.8,10,6,0.9427094357737469
715,AP ARQ. LOPEZ OTERO,2018-01-30 20:00,9,618.58,2,2,0,4743,1712,4.5,10,3,3.642709435773747
716,AP ARQ. LOPEZ OTERO,2018-01-30 21:00,9,618.58,3,1,2,4752,1715,3.0,10,4,2.142709435773747
717,AP ARQ. LOPEZ OTERO,2018-01-30 22:00,9,618.58,3,3,0,4761,1718,3.0,10,4,2.142709435773747
718,AP ARQ. LOPEZ OTERO,2018-01-30 23:00,9,618.58,0,0,0,4770,1718,"",10,1,""
719,AP ARQ. LOPEZ OTERO,2018-01-31 0:00,4,618.58,3,2,1,4774,1721,1.3333333333333333,5,4,0.4760427691070801
720,AP ARQ. LOPEZ OTERO,2018-01-31 1:00,9,618.58,3,0,3,4783,1724,3.0,10,4,2.142709435773747
721,AP ARQ. LOPEZ OTERO,2018-01-31 2:00,9,618.58,3,2,1,4792,1727,3.0,10,4,2.142709435773747
722,AP ARQ. LOPEZ OTERO,2018-01-31 3:00,9,618.58,5,3,2,4801,1732,1.8,10,6,0.9427094357737469
723,AP ARQ. LOPEZ OTERO,2018-01-31 4:00,9,618.58,1,1,0,4810,1733,9.0,10,2,8.142709435773746
724,AP ARQ. LOPEZ OTERO,2018-01-31 5:00,9,618.58,2,1,1,4819,1735,4.5,10,3,3.642709435773747
725,AP ARQ. LOPEZ OTERO,2018-01-31 6:00,8,618.58,3,2,1,4827,1738,2.6666666666666665,9,4,1.8093761024404134
726,AP ARQ. LOPEZ OTERO,2018-01-31 7:00,8,618.58,1,1,0,4835,1739,8.0,9,2,7.142709435773747
727,AP ARQ. LOPEZ OTERO,2018-01-31 8:00,8,618.58,3,3,0,4843,1742,2.6666666666666665,9,4,1.8093761024404134
728,AP ARQ. LOPEZ OTERO,2018-01-31 9:00,3,618.58,4,2,2,4846,1746,0.75,4,5,-0.10729056422625316
729,AP ARQ. LOPEZ OTERO,2018-01-31 10:00,4,618.58,1,1,0,4850,1747,4.0,5,2,3.142709435773747
730,AP ARQ. LOPEZ OTERO,2018-01-31 11:00,3,618.58,1,1,0,4853,1748,3.0,4,2,2.142709435773747
731,AP ARQ. LOPEZ OTERO,2018-01-31 12:00,4,618.58,2,2,0,4857,1750,2.0,5,3,1.1427094357737468
732,AP ARQ. LOPEZ OTERO,2018-01-31 13:00,4,618.58,1,1,0,4861,1751,4.0,5,2,3.142709435773747
733,AP ARQ. LOPEZ OTERO,2018-01-31 14:00,4,618.58,5,1,4,4865,1756,0.8,5,6,-0.057290564226253116
734,AP ARQ. LOPEZ OTERO,2018-01-31 15:00,4,618.58,4,3,1,4869,1760,1.0,5,5,0.14270943577374684
735,AP ARQ. LOPEZ OTERO,2018-01-31 16:00,4,618.58,0,0,0,4873,1760,"",5,1,""
736,AP ARQ. LOPEZ OTERO,2018-01-31 17:00,4,618.58,0,0,0,4877,1760,"",5,1,""
737,AP ARQ. LOPEZ OTERO,2018-01-31 18:00,9,618.58,2,2,0,4886,1762,4.5,10,3,3.642709435773747
738,AP ARQ. LOPEZ OTERO,2018-01-31 19:00,9,618.58,2,1,1,4895,1764,4.5,10,3,3.642709435773747
739,AP ARQ. LOPEZ OTERO,2018-01-31 20:00,9,618.58,1,1,0,4904,1765,9.0,10,2,8.142709435773746
740,AP ARQ. LOPEZ OTERO,2018-01-31 21:00,9,618.58,2,2,0,4913,1767,4.5,10,3,3.642709435773747
741,AP ARQ. LOPEZ OTERO,2018-01-31 22:00,8,618.58,3,3,0,4921,1770,2.6666666666666665,9,4,1.8093761024404134
742,AP ARQ. LOPEZ OTERO,2018-01-31 23:00,9,618.58,4,1,3,4930,1774,2.25,10,5,1.3927094357737468
743,AP ARQ. LOPEZ OTERO,2018-02-01 0:00,4,578.97,5,3,2,4934,1779,0.8,5,6,-0.057290564226253116
744,AP ARQ. LOPEZ OTERO,2018-02-01 1:00,9,578.97,1,1,0,4943,1780,9.0,10,2,8.142709435773746
745,AP ARQ. LOPEZ OTERO,2018-02-01 2:00,9,578.97,4,1,3,4952,1784,2.25,10,5,1.3927094357737468
746,AP ARQ. LOPEZ OTERO,2018-02-01 3:00,9,578.97,3,1,2,4961,1787,3.0,10,4,2.142709435773747
747,AP ARQ. LOPEZ OTERO,2018-02-01 4:00,9,578.97,5,5,0,4970,1792,1.8,10,6,0.9427094357737469
748,AP ARQ. LOPEZ OTERO,2018-02-01 5:00,9,578.97,1,0,1,4979,1793,9.0,10,2,8.142709435773746
749,AP ARQ. LOPEZ OTERO,2018-02-01 6:00,9,578.97,4,2,2,4988,1797,2.25,10,5,1.3927094357737468
750,AP ARQ. LOPEZ OTERO,2018-02-01 7:00,9,578.97,2,2,0,4997,1799,4.5,10,3,3.642709435773747
751,AP ARQ. LOPEZ OTERO,2018-02-01 8:00,9,578.97,1,0,1,5006,1800,9.0,10,2,8.142709435773746
752,AP ARQ. LOPEZ OTERO,2018-02-01 9:00,4,578.97,3,0,3,5010,1803,1.3333333333333333,5,4,0.4760427691070801
753,AP ARQ. LOPEZ OTERO,2018-02-01 10:00,4,578.97,2,1,1,5014,1805,2.0,5,3,1.1427094357737468
754,AP ARQ. LOPEZ OTERO,2018-02-01 11:00,4,578.97,4,1,3,5018,1809,1.0,5,5,0.14270943577374684
755,AP ARQ. LOPEZ OTERO,2018-02-01 12:00,4,578.97,2,1,1,5022,1811,2.0,5,3,1.1427094357737468
756,AP ARQ. LOPEZ OTERO,2018-02-01 13:00,4,578.97,2,2,0,5026,1813,2.0,5,3,1.1427094357737468
757,AP ARQ. LOPEZ OTERO,2018-02-01 14:00,4,578.97,1,1,0,5030,1814,4.0,5,2,3.142709435773747
758,AP ARQ. LOPEZ OTERO,2018-02-01 15:00,4,578.97,6,5,1,5034,1820,0.6666666666666666,5,7,-0.19062389755958653
759,AP ARQ. LOPEZ OTERO,2018-02-01 16:00,4,578.97,1,1,0,5038,1821,4.0,5,2,3.142709435773747
760,AP ARQ. LOPEZ OTERO,2018-02-01 17:00,4,578.97,0,0,0,5042,1821,"",5,1,""
761,AP ARQ. LOPEZ OTERO,2018-02-01 18:00,9,578.97,3,1,2,5051,1824,3.0,10,4,2.142709435773747
762,AP ARQ. LOPEZ OTERO,2018-02-01 19:00,9,578.97,4,3,1,5060,1828,2.25,10,5,1.3927094357737468
763,AP ARQ. LOPEZ OTERO,2018-02-01 20:00,9,578.97,3,1,2,5069,1831,3.0,10,4,2.142709435773747
764,AP ARQ. LOPEZ OTERO,2018-02-01 21:00,9,578.97,4,0,4,5078,1835,2.25,10,5,1.3927094357737468
765,AP ARQ. LOPEZ OTERO,2018-02-01 22:00,9,578.97,1,0,1,5087,1836,9.0,10,2,8.142709435773746
766,AP ARQ. LOPEZ OTERO,2018-02-01 23:00,9,578.97,2,2,0,5096,1838,4.5,10,3,3.642709435773747
767,AP ARQ. LOPEZ OTERO,2018-02-02 0:00,4,578.97,0,0,0,5100,1838,"",5,1,""
768,AP ARQ. LOPEZ OTERO,2018-02-02 1:00,9,578.97,2,2,0,5109,1840,4.5,10,3,3.642709435773747
769,AP ARQ. LOPEZ OTERO,2018-02-02 2:00,9,578.97,1,1,0,5118,1841,9.0,10,2,8.142709435773746
770,AP ARQ. LOPEZ OTERO,2018-02-02 3:00,9,578.97,4,4,0,5127,1845,2.25,10,5,1.3927094357737468
771,AP ARQ. LOPEZ OTERO,2018-02-02 4:00,9,578.97,5,4,1,5136,1850,1.8,10,6,0.9427094357737469
772,AP ARQ. LOPEZ OTERO,2018-02-02 5:00,9,578.97,2,1,1,5145,1852,4.5,10,3,3.642709435773747
773,AP ARQ. LOPEZ OTERO,2018-02-02 6:00,9,578.97,4,2,2,5154,1856,2.25,10,5,1.3927094357737468
774,AP ARQ. LOPEZ OTERO,2018-02-02 7:00,10,578.97,4,4,0,5164,1860,2.5,11,5,1.6427094357737468
775,AP ARQ. LOPEZ OTERO,2018-02-02 8:00,9,578.97,1,0,1,5173,1861,9.0,10,2,8.142709435773746
776,AP ARQ. LOPEZ OTERO,2018-02-02 9:00,4,578.97,1,1,0,5177,1862,4.0,5,2,3.142709435773747
777,AP ARQ. LOPEZ OTERO,2018-02-02 10:00,4,578.97,3,3,0,5181,1865,1.3333333333333333,5,4,0.4760427691070801
778,AP ARQ. LOPEZ OTERO,2018-02-02 11:00,4,578.97,2,1,1,5185,1867,2.0,5,3,1.1427094357737468
779,AP ARQ. LOPEZ OTERO,2018-02-02 12:00,4,578.97,3,1,2,5189,1870,1.3333333333333333,5,4,0.4760427691070801
780,AP ARQ. LOPEZ OTERO,2018-02-02 13:00,4,578.97,8,7,1,5193,1878,0.5,5,9,-0.35729056422625316
781,AP ARQ. LOPEZ OTERO,2018-02-02 14:00,4,578.97,3,1,2,5197,1881,1.3333333333333333,5,4,0.4760427691070801
782,AP ARQ. LOPEZ OTERO,2018-02-02 15:00,4,578.97,3,2,1,5201,1884,1.3333333333333333,5,4,0.4760427691070801
783,AP ARQ. LOPEZ OTERO,2018-02-02 16:00,4,578.97,2,2,0,5205,1886,2.0,5,3,1.1427094357737468
784,AP ARQ. LOPEZ OTERO,2018-02-02 17:00,4,578.97,3,2,1,5209,1889,1.3333333333333333,5,4,0.4760427691070801
785,AP ARQ. LOPEZ OTERO,2018-02-02 18:00,9,578.97,1,1,0,5218,1890,9.0,10,2,8.142709435773746
786,AP ARQ. LOPEZ OTERO,2018-02-02 19:00,9,578.97,3,2,1,5227,1893,3.0,10,4,2.142709435773747
787,AP ARQ. LOPEZ OTERO,2018-02-02 20:00,9,578.97,2,1,1,5236,1895,4.5,10,3,3.642709435773747
788,AP ARQ. LOPEZ OTERO,2018-02-02 21:00,9,578.97,4,1,3,5245,1899,2.25,10,5,1.3927094357737468
789,AP ARQ. LOPEZ OTERO,2018-02-02 22:00,9,578.97,0,0,0,5254,1899,"",10,1,""
790,AP ARQ. LOPEZ OTERO,2018-02-02 23:00,8,578.97,0,0,0,5262,1899,"",9,1,""
791,AP ARQ. LOPEZ OTERO,2018-02-03 0:00,4,578.97,0,0,0,5266,1899,"",5,1,""
792,AP ARQ. LOPEZ OTERO,2018-02-03 1:00,9,578.97,2,1,1,5275,1901,4.5,10,3,3.642709435773747
793,AP ARQ. LOPEZ OTERO,2018-02-03 2:00,9,578.97,4,4,0,5284,1905,2.25,10,5,1.3927094357737468
794,AP ARQ. LOPEZ OTERO,2018-02-03 3:00,9,578.97,2,1,1,5293,1907,4.5,10,3,3.642709435773747
795,AP ARQ. LOPEZ OTERO,2018-02-03 4:00,9,578.97,2,2,0,5302,1909,4.5,10,3,3.642709435773747
796,AP ARQ. LOPEZ OTERO,2018-02-03 5:00,9,578.97,1,1,0,5311,1910,9.0,10,2,8.142709435773746
797,AP ARQ. LOPEZ OTERO,2018-02-03 6:00,9,578.97,2,0,2,5320,1912,4.5,10,3,3.642709435773747
798,AP ARQ. LOPEZ OTERO,2018-02-03 7:00,9,578.97,1,1,0,5329,1913,9.0,10,2,8.142709435773746
799,AP ARQ. LOPEZ OTERO,2018-02-03 8:00,8,578.97,3,2,1,5337,1916,2.6666666666666665,9,4,1.8093761024404134
800,AP ARQ. LOPEZ OTERO,2018-02-03 9:00,8,578.97,4,4,0,5345,1920,2.0,9,5,1.1427094357737468
801,AP ARQ. LOPEZ OTERO,2018-02-03 10:00,8,578.97,1,1,0,5353,1921,8.0,9,2,7.142709435773747
802,AP ARQ. LOPEZ OTERO,2018-02-03 11:00,8,578.97,5,3,2,5361,1926,1.6,9,6,0.7427094357737469
803,AP ARQ. LOPEZ OTERO,2018-02-03 12:00,8,578.97,2,1,1,5369,1928,4.0,9,3,3.142709435773747
804,AP ARQ. LOPEZ OTERO,2018-02-03 13:00,8,578.97,2,2,0,5377,1930,4.0,9,3,3.142709435773747
805,AP ARQ. LOPEZ OTERO,2018-02-03 14:00,9,578.97,1,1,0,5386,1931,9.0,10,2,8.142709435773746
806,AP ARQ. LOPEZ OTERO,2018-02-03 15:00,8,578.97,2,2,0,5394,1933,4.0,9,3,3.142709435773747
807,AP ARQ. LOPEZ OTERO,2018-02-03 16:00,9,578.97,1,1,0,5403,1934,9.0,10,2,8.142709435773746
808,AP ARQ. LOPEZ OTERO,2018-02-03 17:00,9,578.97,4,4,0,5412,1938,2.25,10,5,1.3927094357737468
809,AP ARQ. LOPEZ OTERO,2018-02-03 18:00,8,578.97,2,2,0,5420,1940,4.0,9,3,3.142709435773747
810,AP ARQ. LOPEZ OTERO,2018-02-03 19:00,4,578.97,3,3,0,5424,1943,1.3333333333333333,5,4,0.4760427691070801
811,AP ARQ. LOPEZ OTERO,2018-02-03 20:00,4,578.97,1,1,0,5428,1944,4.0,5,2,3.142709435773747
812,AP ARQ. LOPEZ OTERO,2018-02-03 21:00,4,578.97,1,1,0,5432,1945,4.0,5,2,3.142709435773747
813,AP ARQ. LOPEZ OTERO,2018-02-03 22:00,4,578.97,3,2,1,5436,1948,1.3333333333333333,5,4,0.4760427691070801
814,AP ARQ. LOPEZ OTERO,2018-02-03 23:00,4,578.97,2,2,0,5440,1950,2.0,5,3,1.1427094357737468
815,AP ARQ. LOPEZ OTERO,2018-02-04 0:00,4,578.97,5,0,5,5444,1955,0.8,5,6,-0.057290564226253116
816,AP ARQ. LOPEZ OTERO,2018-02-04 1:00,9,578.97,2,1,1,5453,1957,4.5,10,3,3.642709435773747
817,AP ARQ. LOPEZ OTERO,2018-02-04 2:00,9,578.97,2,0,2,5462,1959,4.5,10,3,3.642709435773747
818,AP ARQ. LOPEZ OTERO,2018-02-04 3:00,9,578.97,1,1,0,5471,1960,9.0,10,2,8.142709435773746
819,AP ARQ. LOPEZ OTERO,2018-02-04 4:00,8,578.97,0,0,0,5479,1960,"",9,1,""
820,AP ARQ. LOPEZ OTERO,2018-02-04 5:00,9,578.97,1,1,0,5488,1961,9.0,10,2,8.142709435773746
821,AP ARQ. LOPEZ OTERO,2018-02-04 6:00,9,578.97,3,3,0,5497,1964,3.0,10,4,2.142709435773747
822,AP ARQ. LOPEZ OTERO,2018-02-04 7:00,8,578.97,3,1,2,5505,1967,2.6666666666666665,9,4,1.8093761024404134
823,AP ARQ. LOPEZ OTERO,2018-02-04 8:00,8,578.97,2,0,2,5513,1969,4.0,9,3,3.142709435773747
824,AP ARQ. LOPEZ OTERO,2018-02-04 9:00,8,578.97,2,1,1,5521,1971,4.0,9,3,3.142709435773747
825,AP ARQ. LOPEZ OTERO,2018-02-04 10:00,8,578.97,5,2,3,5529,1976,1.6,9,6,0.7427094357737469
826,AP ARQ. LOPEZ OTERO,2018-02-04 11:00,9,578.97,4,2,2,5538,1980,2.25,10,5,1.3927094357737468
827,AP ARQ. LOPEZ OTERO,2018-02-04 12:00,8,578.97,3,1,2,5546,1983,2.6666666666666665,9,4,1.8093761024404134
828,AP ARQ. LOPEZ OTERO,2018-02-04 13:00,8,578.97,2,0,2,5554,1985,4.0,9,3,3.142709435773747
829,AP ARQ. LOPEZ OTERO,2018-02-04 14:00,8,578.97,2,2,0,5562,1987,4.0,9,3,3.142709435773747
830,AP ARQ. LOPEZ OTERO,2018-02-04 15:00,8,578.97,1,1,0,5570,1988,8.0,9,2,7.142709435773747
831,AP ARQ. LOPEZ OTERO,2018-02-04 16:00,8,578.97,0,0,0,5578,1988,"",9,1,""
832,AP ARQ. LOPEZ OTERO,2018-02-04 17:00,8,578.97,0,0,0,5586,1988,"",9,1,""
833,AP ARQ. LOPEZ OTERO,2018-02-04 18:00,8,578.97,3,2,1,5594,1991,2.6666666666666665,9,4,1.8093761024404134
834,AP ARQ. LOPEZ OTERO,2018-02-04 19:00,4,578.97,2,2,0,5598,1993,2.0,5,3,1.1427094357737468
835,AP ARQ. LOPEZ OTERO,2018-02-04 20:00,4,578.97,2,2,0,5602,1995,2.0,5,3,1.1427094357737468
836,AP ARQ. LOPEZ OTERO,2018-02-04 21:00,4,578.97,1,1,0,5606,1996,4.0,5,2,3.142709435773747
837,AP ARQ. LOPEZ OTERO,2018-02-04 22:00,4,578.97,2,1,1,5610,1998,2.0,5,3,1.1427094357737468
838,AP ARQ. LOPEZ OTERO,2018-02-04 23:00,4,578.97,0,0,0,5614,1998,"",5,1,""
839,AP ARQ. LOPEZ OTERO,2018-02-05 0:00,4,578.97,1,1,0,5618,1999,4.0,5,2,3.142709435773747
840,AP ARQ. LOPEZ OTERO,2018-02-05 1:00,7,578.97,0,0,0,5625,1999,"",8,1,""
841,AP ARQ. LOPEZ OTERO,2018-02-05 2:00,8,578.97,4,0,4,5633,2003,2.0,9,5,1.1427094357737468
842,AP ARQ. LOPEZ OTERO,2018-02-05 3:00,8,578.97,2,2,0,5641,2005,4.0,9,3,3.142709435773747
843,AP ARQ. LOPEZ OTERO,2018-02-05 4:00,8,578.97,2,2,0,5649,2007,4.0,9,3,3.142709435773747
844,AP ARQ. LOPEZ OTERO,2018-02-05 5:00,8,578.97,4,2,2,5657,2011,2.0,9,5,1.1427094357737468
845,AP ARQ. LOPEZ OTERO,2018-02-05 6:00,8,578.97,3,2,1,5665,2014,2.6666666666666665,9,4,1.8093761024404134
846,AP ARQ. LOPEZ OTERO,2018-02-05 7:00,8,578.97,3,1,2,5673,2017,2.6666666666666665,9,4,1.8093761024404134
847,AP ARQ. LOPEZ OTERO,2018-02-05 8:00,8,578.97,2,2,0,5681,2019,4.0,9,3,3.142709435773747
848,AP ARQ. LOPEZ OTERO,2018-02-05 9:00,4,578.97,2,1,1,5685,2021,2.0,5,3,1.1427094357737468
849,AP ARQ. LOPEZ OTERO,2018-02-05 10:00,4,578.97,4,1,3,5689,2025,1.0,5,5,0.14270943577374684
850,AP ARQ. LOPEZ OTERO,2018-02-05 11:00,4,578.97,2,0,2,5693,2027,2.0,5,3,1.1427094357737468
851,AP ARQ. LOPEZ OTERO,2018-02-05 12:00,4,578.97,2,2,0,5697,2029,2.0,5,3,1.1427094357737468
852,AP ARQ. LOPEZ OTERO,2018-02-05 13:00,4,578.97,4,4,0,5701,2033,1.0,5,5,0.14270943577374684
853,AP ARQ. LOPEZ OTERO,2018-02-05 14:00,4,578.97,1,1,0,5705,2034,4.0,5,2,3.142709435773747
854,AP ARQ. LOPEZ OTERO,2018-02-05 15:00,4,578.97,4,0,4,5709,2038,1.0,5,5,0.14270943577374684
855,AP ARQ. LOPEZ OTERO,2018-02-05 16:00,4,578.97,3,3,0,5713,2041,1.3333333333333333,5,4,0.4760427691070801
856,AP ARQ. LOPEZ OTERO,2018-02-05 17:00,4,578.97,3,2,1,5717,2044,1.3333333333333333,5,4,0.4760427691070801
857,AP ARQ. LOPEZ OTERO,2018-02-05 18:00,7,578.97,5,5,0,5724,2049,1.4,8,6,0.5427094357737468
858,AP ARQ. LOPEZ OTERO,2018-02-05 19:00,7,578.97,2,1,1,5731,2051,3.5,8,3,2.642709435773747
859,AP ARQ. LOPEZ OTERO,2018-02-05 20:00,8,578.97,1,1,0,5739,2052,8.0,9,2,7.142709435773747
860,AP ARQ. LOPEZ OTERO,2018-02-05 21:00,8,578.97,5,3,2,5747,2057,1.6,9,6,0.7427094357737469
861,AP ARQ. LOPEZ OTERO,2018-02-05 22:00,8,578.97,4,2,2,5755,2061,2.0,9,5,1.1427094357737468
862,AP ARQ. LOPEZ OTERO,2018-02-05 23:00,8,578.97,2,1,1,5763,2063,4.0,9,3,3.142709435773747
863,AP ARQ. LOPEZ OTERO,2018-02-06 0:00,4,578.97,2,1,1,5767,2065,2.0,5,3,1.1427094357737468
864,AP ARQ. LOPEZ OTERO,2018-02-06 1:00,8,578.97,2,1,1,5775,2067,4.0,9,3,3.142709435773747
865,AP ARQ. LOPEZ OTERO,2018-02-06 2:00,8,578.97,2,0,2,5783,2069,4.0,9,3,3.142709435773747
866,AP ARQ. LOPEZ OTERO,2018-02-06 3:00,8,578.97,2,0,2,5791,2071,4.0,9,3,3.142709435773747
867,AP ARQ. LOPEZ OTERO,2018-02-06 4:00,8,578.97,1,1,0,5799,2072,8.0,9,2,7.142709435773747
868,AP ARQ. LOPEZ OTERO,2018-02-06 5:00,8,578.97,3,1,2,5807,2075,2.6666666666666665,9,4,1.8093761024404134
869,AP ARQ. LOPEZ OTERO,2018-02-06 6:00,9,578.97,1,1,0,5816,2076,9.0,10,2,8.142709435773746
870,AP ARQ. LOPEZ OTERO,2018-02-06 7:00,8,578.97,4,3,1,5824,2080,2.0,9,5,1.1427094357737468
871,AP ARQ. LOPEZ OTERO,2018-02-06 8:00,8,578.97,2,1,1,5832,2082,4.0,9,3,3.142709435773747
872,AP ARQ. LOPEZ OTERO,2018-02-06 9:00,4,578.97,2,1,1,5836,2084,2.0,5,3,1.1427094357737468
873,AP ARQ. LOPEZ OTERO,2018-02-06 10:00,4,578.97,5,3,2,5840,2089,0.8,5,6,-0.057290564226253116
874,AP ARQ. LOPEZ OTERO,2018-02-06 11:00,4,578.97,3,1,2,5844,2092,1.3333333333333333,5,4,0.4760427691070801
875,AP ARQ. LOPEZ OTERO,2018-02-06 12:00,4,578.97,2,1,1,5848,2094,2.0,5,3,1.1427094357737468
876,AP ARQ. LOPEZ OTERO,2018-02-06 13:00,4,578.97,1,1,0,5852,2095,4.0,5,2,3.142709435773747
877,AP ARQ. LOPEZ OTERO,2018-02-06 14:00,4,578.97,2,0,2,5856,2097,2.0,5,3,1.1427094357737468
878,AP ARQ. LOPEZ OTERO,2018-02-06 15:00,4,578.97,1,1,0,5860,2098,4.0,5,2,3.142709435773747
879,AP ARQ. LOPEZ OTERO,2018-02-06 16:00,4,578.97,3,3,0,5864,2101,1.3333333333333333,5,4,0.4760427691070801
880,AP ARQ. LOPEZ OTERO,2018-02-06 17:00,4,578.97,3,3,0,5868,2104,1.3333333333333333,5,4,0.4760427691070801
881,AP ARQ. LOPEZ OTERO,2018-02-06 18:00,8,578.97,2,0,2,5876,2106,4.0,9,3,3.142709435773747
882,AP ARQ. LOPEZ OTERO,2018-02-06 19:00,8,578.97,4,3,1,5884,2110,2.0,9,5,1.1427094357737468
883,AP ARQ. LOPEZ OTERO,2018-02-06 20:00,8,578.97,2,1,1,5892,2112,4.0,9,3,3.142709435773747
884,AP ARQ. LOPEZ OTERO,2018-02-06 21:00,8,578.97,2,1,1,5900,2114,4.0,9,3,3.142709435773747
885,AP ARQ. LOPEZ OTERO,2018-02-06 22:00,8,578.97,4,4,0,5908,2118,2.0,9,5,1.1427094357737468
886,AP ARQ. LOPEZ OTERO,2018-02-06 23:00,8,578.97,4,2,2,5916,2122,2.0,9,5,1.1427094357737468
887,AP ARQ. LOPEZ OTERO,2018-02-07 0:00,4,578.97,4,1,3,5920,2126,1.0,5,5,0.14270943577374684
888,AP ARQ. LOPEZ OTERO,2018-02-07 1:00,9,578.97,1,0,1,5929,2127,9.0,10,2,8.142709435773746
889,AP ARQ. LOPEZ OTERO,2018-02-07 2:00,8,578.97,3,3,0,5937,2130,2.6666666666666665,9,4,1.8093761024404134
890,AP ARQ. LOPEZ OTERO,2018-02-07 3:00,9,578.97,4,4,0,5946,2134,2.25,10,5,1.3927094357737468
891,AP ARQ. LOPEZ OTERO,2018-02-07 4:00,8,578.97,3,3,0,5954,2137,2.6666666666666665,9,4,1.8093761024404134
892,AP ARQ. LOPEZ OTERO,2018-02-07 5:00,9,578.97,1,1,0,5963,2138,9.0,10,2,8.142709435773746
893,AP ARQ. LOPEZ OTERO,2018-02-07 6:00,8,578.97,2,1,1,5971,2140,4.0,9,3,3.142709435773747
894,AP ARQ. LOPEZ OTERO,2018-02-07 7:00,8,578.97,1,1,0,5979,2141,8.0,9,2,7.142709435773747
895,AP ARQ. LOPEZ OTERO,2018-02-07 8:00,8,578.97,1,1,0,5987,2142,8.0,9,2,7.142709435773747
896,AP ARQ. LOPEZ OTERO,2018-02-07 9:00,4,578.97,3,2,1,5991,2145,1.3333333333333333,5,4,0.4760427691070801
897,AP ARQ. LOPEZ OTERO,2018-02-07 10:00,4,578.97,3,0,3,5995,2148,1.3333333333333333,5,4,0.4760427691070801
898,AP ARQ. LOPEZ OTERO,2018-02-07 11:00,4,578.97,1,1,0,5999,2149,4.0,5,2,3.142709435773747
899,AP ARQ. LOPEZ OTERO,2018-02-07 12:00,4,578.97,4,3,1,6003,2153,1.0,5,5,0.14270943577374684
900,AP ARQ. LOPEZ OTERO,2018-02-07 13:00,4,578.97,3,3,0,6007,2156,1.3333333333333333,5,4,0.4760427691070801
901,AP ARQ. LOPEZ OTERO,2018-02-07 14:00,4,578.97,1,1,0,6011,2157,4.0,5,2,3.142709435773747
902,AP ARQ. LOPEZ OTERO,2018-02-07 15:00,4,578.97,3,1,2,6015,2160,1.3333333333333333,5,4,0.4760427691070801
903,AP ARQ. LOPEZ OTERO,2018-02-07 16:00,4,578.97,4,0,4,6019,2164,1.0,5,5,0.14270943577374684
904,AP ARQ. LOPEZ OTERO,2018-02-07 17:00,4,578.97,5,2,3,6023,2169,0.8,5,6,-0.057290564226253116
905,AP ARQ. LOPEZ OTERO,2018-02-07 18:00,8,578.97,5,1,4,6031,2174,1.6,9,6,0.7427094357737469
906,AP ARQ. LOPEZ OTERO,2018-02-07 19:00,8,578.97,2,1,1,6039,2176,4.0,9,3,3.142709435773747
907,AP ARQ. LOPEZ OTERO,2018-02-07 20:00,8,578.97,2,0,2,6047,2178,4.0,9,3,3.142709435773747
908,AP ARQ. LOPEZ OTERO,2018-02-07 21:00,8,578.97,1,1,0,6055,2179,8.0,9,2,7.142709435773747
909,AP ARQ. LOPEZ OTERO,2018-02-07 22:00,8,578.97,2,1,1,6063,2181,4.0,9,3,3.142709435773747
910,AP ARQ. LOPEZ OTERO,2018-02-07 23:00,8,578.97,2,1,1,6071,2183,4.0,9,3,3.142709435773747
911,AP ARQ. LOPEZ OTERO,2018-02-08 0:00,4,578.97,3,1,2,6075,2186,1.3333333333333333,5,4,0.4760427691070801
912,AP ARQ. LOPEZ OTERO,2018-02-08 1:00,8,578.97,2,2,0,6083,2188,4.0,9,3,3.142709435773747
913,AP ARQ. LOPEZ OTERO,2018-02-08 2:00,8,578.97,5,5,0,6091,2193,1.6,9,6,0.7427094357737469
914,AP ARQ. LOPEZ OTERO,2018-02-08 3:00,8,578.97,1,1,0,6099,2194,8.0,9,2,7.142709435773747
915,AP ARQ. LOPEZ OTERO,2018-02-08 4:00,8,578.97,2,1,1,6107,2196,4.0,9,3,3.142709435773747
916,AP ARQ. LOPEZ OTERO,2018-02-08 5:00,8,578.97,0,0,0,6115,2196,"",9,1,""
917,AP ARQ. LOPEZ OTERO,2018-02-08 6:00,8,578.97,8,8,0,6123,2204,1.0,9,9,0.14270943577374684
918,AP ARQ. LOPEZ OTERO,2018-02-08 7:00,8,578.97,1,0,1,6131,2205,8.0,9,2,7.142709435773747
919,AP ARQ. LOPEZ OTERO,2018-02-08 8:00,8,578.97,1,1,0,6139,2206,8.0,9,2,7.142709435773747
920,AP ARQ. LOPEZ OTERO,2018-02-08 9:00,4,578.97,1,1,0,6143,2207,4.0,5,2,3.142709435773747
921,AP ARQ. LOPEZ OTERO,2018-02-08 10:00,4,578.97,3,3,0,6147,2210,1.3333333333333333,5,4,0.4760427691070801
922,AP ARQ. LOPEZ OTERO,2018-02-08 11:00,4,578.97,5,3,2,6151,2215,0.8,5,6,-0.057290564226253116
923,AP ARQ. LOPEZ OTERO,2018-02-08 12:00,4,578.97,2,2,0,6155,2217,2.0,5,3,1.1427094357737468
924,AP ARQ. LOPEZ OTERO,2018-02-08 13:00,3,578.97,1,1,0,6158,2218,3.0,4,2,2.142709435773747
925,AP ARQ. LOPEZ OTERO,2018-02-08 14:00,3,578.97,2,1,1,6161,2220,1.5,4,3,0.6427094357737468
926,AP ARQ. LOPEZ OTERO,2018-02-08 15:00,3,578.97,3,2,1,6164,2223,1.0,4,4,0.14270943577374684
927,AP ARQ. LOPEZ OTERO,2018-02-08 16:00,3,578.97,3,2,1,6167,2226,1.0,4,4,0.14270943577374684
928,AP ARQ. LOPEZ OTERO,2018-02-08 17:00,3,578.97,1,1,0,6170,2227,3.0,4,2,2.142709435773747
929,AP ARQ. LOPEZ OTERO,2018-02-08 18:00,8,578.97,6,4,2,6178,2233,1.3333333333333333,9,7,0.4760427691070801
930,AP ARQ. LOPEZ OTERO,2018-02-08 19:00,8,578.97,2,0,2,6186,2235,4.0,9,3,3.142709435773747
931,AP ARQ. LOPEZ OTERO,2018-02-08 20:00,8,578.97,1,1,0,6194,2236,8.0,9,2,7.142709435773747
932,AP ARQ. LOPEZ OTERO,2018-02-08 21:00,8,578.97,1,0,1,6202,2237,8.0,9,2,7.142709435773747
933,AP ARQ. LOPEZ OTERO,2018-02-08 22:00,8,578.97,2,1,1,6210,2239,4.0,9,3,3.142709435773747
934,AP ARQ. LOPEZ OTERO,2018-02-08 23:00,8,578.97,4,4,0,6218,2243,2.0,9,5,1.1427094357737468
