338,AP ARQ. LOPEZ OTERO,78922,2018-01-15 03:00,8,0,0,8,8,3.1A,618.58
46,AP ARQ. LOPEZ OTERO,78922,2018-01-02 23:00,8,0,0,8,8,3.1A,618.58
743,AP ARQ. LOPEZ OTERO,78922,2018-02-01 00:00,4,0,0,4,4,3.1A,578.97
613,AP ARQ. LOPEZ OTERO,78922,2018-01-26 14:00,4,0,0,4,4,3.1A,618.58
737,AP ARQ. LOPEZ OTERO,78922,2018-01-31 18:00,9,0,0,9,9,3.1A,618.58
911,AP ARQ. LOPEZ OTERO,78922,2018-02-08 00:00,4,0,0,4,4,3.1A,578.97
692,AP ARQ. LOPEZ OTERO,78922,2018-01-29 21:00,9,0,0,9,9,3.1A,618.58
272,AP ARQ. LOPEZ OTERO,78922,2018-01-12 09:00,3,0,0,3,3,3.1A,618.58
621,AP ARQ. LOPEZ OTERO,78922,2018-01-26 22:00,9,0,0,9,9,3.1A,618.58
146,AP ARQ. LOPEZ OTERO,78922,2018-01-07 03:00,9,0,0,9,9,3.1A,618.58
861,AP ARQ. LOPEZ OTERO,78922,2018-02-05 22:00,8,0,0,8,8,3.1A,578.97
394,AP ARQ. LOPEZ OTERO,78922,2018-01-17 11:00,3,0,0,3,3,3.1A,618.58
125,AP ARQ. LOPEZ OTERO,78922,2018-01-06 06:00,9,0,0,9,9,3.1A,618.58
251,AP ARQ. LOPEZ OTERO,78922,2018-01-11 12:00,3,0,0,3,3,3.1A,618.58
347,AP ARQ. LOPEZ OTERO,78922,2018-01-15 12:00,3,0,0,3,3,3.1A,618.58
766,AP ARQ. LOPEZ OTERO,78922,2018-02-01 23:00,9,0,0,9,9,3.1A,578.97
62,AP ARQ. LOPEZ OTERO,78922,2018-01-03 15:00,3,0,0,3,3,3.1A,618.58
631,AP ARQ. LOPEZ OTERO,78922,2018-01-27 08:00,8,0,0,8,8,3.1A,618.58
633,AP ARQ. LOPEZ OTERO,78922,2018-01-27 10:00,8,0,0,8,8,3.1A,618.58
772,AP ARQ. LOPEZ OTERO,78922,2018-02-02 05:00,9,0,0,9,9,3.1A,578.97
289,AP ARQ. LOPEZ OTERO,78922,2018-01-13 02:00,8,0,0,8,8,3.1A,618.58
446,AP ARQ. LOPEZ OTERO,78922,2018-01-19 15:00,4,0,0,4,4,3.1A,618.58
574,AP ARQ. LOPEZ OTERO,78922,2018-01-24 23:00,9,0,0,9,9,3.1A,618.58
607,AP ARQ. LOPEZ OTERO,78922,2018-01-26 08:00,8,0,0,8,8,3.1A,618.58
142,AP ARQ. LOPEZ OTERO,78922,2018-01-06 23:00,3,0,0,3,3,3.1A,618.58
375,AP ARQ. LOPEZ OTERO,78922,2018-01-16 16:00,4,0,0,4,4,3.1A,618.58
172,AP ARQ. LOPEZ OTERO,78922,2018-01-08 05:00,8,0,0,8,8,3.1A,618.58
865,AP ARQ. LOPEZ OTERO,78922,2018-02-06 02:00,8,0,0,8,8,3.1A,578.97
222,AP ARQ. LOPEZ OTERO,78922,2018-01-10 07:00,8,0,0,8,8,3.1A,618.58
223,AP ARQ. LOPEZ OTERO,78922,2018-01-10 08:00,8,0,0,8,8,3.1A,618.58
76,AP ARQ. LOPEZ OTERO,78922,2018-01-04 05:00,9,0,0,9,9,3.1A,618.58
389,AP ARQ. LOPEZ OTERO,78922,2018-01-17 06:00,8,0,0,8,8,3.1A,618.58
391,AP ARQ. LOPEZ OTERO,78922,2018-01-17 08:00,8,0,0,8,8,3.1A,618.58
392,AP ARQ. LOPEZ OTERO,78922,2018-01-17 09:00,3,0,0,3,3,3.1A,618.58
445,AP ARQ. LOPEZ OTERO,78922,2018-01-19 14:00,4,0,0,4,4,3.1A,618.58
89,AP ARQ. LOPEZ OTERO,78922,2018-01-04 18:00,8,0,0,8,8,3.1A,618.58
244,AP ARQ. LOPEZ OTERO,78922,2018-01-11 05:00,9,0,0,9,9,3.1A,618.58
288,AP ARQ. LOPEZ OTERO,78922,2018-01-13 01:00,8,0,0,8,8,3.1A,618.58
59,AP ARQ. LOPEZ OTERO,78922,2018-01-03 12:00,3,0,0,3,3,3.1A,618.58
402,AP ARQ. LOPEZ OTERO,78922,2018-01-17 19:00,9,0,0,9,9,3.1A,618.58
164,AP ARQ. LOPEZ OTERO,78922,2018-01-07 21:00,4,0,0,4,4,3.1A,618.58
193,AP ARQ. LOPEZ OTERO,78922,2018-01-09 02:00,9,0,0,9,9,3.1A,618.58
136,AP ARQ. LOPEZ OTERO,78922,2018-01-06 17:00,8,0,0,8,8,3.1A,618.58
785,AP ARQ. LOPEZ OTERO,78922,2018-02-02 18:00,9,0,0,9,9,3.1A,578.97
116,AP ARQ. LOPEZ OTERO,78922,2018-01-05 21:00,9,0,0,9,9,3.1A,618.58
833,AP ARQ. LOPEZ OTERO,78922,2018-02-04 18:00,8,0,0,8,8,3.1A,578.97
439,AP ARQ. LOPEZ OTERO,78922,2018-01-19 08:00,8,0,0,8,8,3.1A,618.58
256,AP ARQ. LOPEZ OTERO,78922,2018-01-11 17:00,3,0,0,3,3,3.1A,618.58
411,AP ARQ. LOPEZ OTERO,78922,2018-01-18 04:00,8,0,0,8,8,3.1A,618.58
891,AP ARQ. LOPEZ OTERO,78922,2018-02-07 04:00,8,0,0,8,8,3.1A,578.97
285,AP ARQ. LOPEZ OTERO,78922,2018-01-12 22:00,9,0,0,9,9,3.1A,618.58
53,AP ARQ. LOPEZ OTERO,78922,2018-01-03 06:00,8,0,0,8,8,3.1A,618.58
234,AP ARQ. LOPEZ OTERO,78922,2018-01-10 19:00,9,0,0,9,9,3.1A,618.58
618,AP ARQ. LOPEZ OTERO,78922,2018-01-26 19:00,9,0,0,9,9,3.1A,618.58
644,AP ARQ. LOPEZ OTERO,78922,2018-01-27 21:00,4,0,0,4,4,3.1A,618.58
734,AP ARQ. LOPEZ OTERO,78922,2018-01-31 15:00,4,0,0,4,4,3.1A,618.58
781,AP ARQ. LOPEZ OTERO,78922,2018-02-02 14:00,4,0,0,4,4,3.1A,578.97
159,AP ARQ. LOPEZ OTERO,78922,2018-01-07 16:00,8,0,0,8,8,3.1A,618.58
291,AP ARQ. LOPEZ OTERO,78922,2018-01-13 04:00,8,0,0,8,8,3.1A,618.58
686,AP ARQ. LOPEZ OTERO,78922,2018-01-29 15:00,3,0,0,3,3,3.1A,618.58
600,AP ARQ. LOPEZ OTERO,78922,2018-01-26 01:00,8,0,0,8,8,3.1A,618.58
581,AP ARQ. LOPEZ OTERO,78922,2018-01-25 06:00,9,0,0,9,9,3.1A,618.58
795,AP ARQ. LOPEZ OTERO,78922,2018-02-03 04:00,9,0,0,9,9,3.1A,578.97
103,AP ARQ. LOPEZ OTERO,78922,2018-01-05 08:00,8,0,0,8,8,3.1A,618.58
609,AP ARQ. LOPEZ OTERO,78922,2018-01-26 10:00,4,0,0,4,4,3.1A,618.58
842,AP ARQ. LOPEZ OTERO,78922,2018-02-05 03:00,8,0,0,8,8,3.1A,578.97
284,AP ARQ. LOPEZ OTERO,78922,2018-01-12 21:00,9,0,0,9,9,3.1A,618.58
882,AP ARQ. LOPEZ OTERO,78922,2018-02-06 19:00,8,0,0,8,8,3.1A,578.97
546,AP ARQ. LOPEZ OTERO,78922,2018-01-23 19:00,9,0,0,9,9,3.1A,618.58
547,AP ARQ. LOPEZ OTERO,78922,2018-01-23 20:00,9,0,0,9,9,3.1A,618.58
548,AP ARQ. LOPEZ OTERO,78922,2018-01-23 21:00,9,0,0,9,9,3.1A,618.58
549,AP ARQ. LOPEZ OTERO,78922,2018-01-23 22:00,9,0,0,9,9,3.1A,618.58
776,AP ARQ. LOPEZ OTERO,78922,2018-02-02 09:00,4,0,0,4,4,3.1A,578.97
393,AP ARQ. LOPEZ OTERO,78922,2018-01-17 10:00,4,0,0,4,4,3.1A,618.58
796,AP ARQ. LOPEZ OTERO,78922,2018-02-03 05:00,9,0,0,9,9,3.1A,578.97
109,AP ARQ. LOPEZ OTERO,78922,2018-01-05 14:00,4,0,0,4,4,3.1A,618.58
217,AP ARQ. LOPEZ OTERO,78922,2018-01-10 02:00,9,0,0,9,9,3.1A,618.58
731,AP ARQ. LOPEZ OTERO,78922,2018-01-31 12:00,4,0,0,4,4,3.1A,618.58
723,AP ARQ. LOPEZ OTERO,78922,2018-01-31 04:00,9,0,0,9,9,3.1A,618.58
263,AP ARQ. LOPEZ OTERO,78922,2018-01-12 00:00,4,0,0,4,4,3.1A,618.58
264,AP ARQ. LOPEZ OTERO,78922,2018-01-12 01:00,8,0,0,8,8,3.1A,618.58
782,AP ARQ. LOPEZ OTERO,78922,2018-02-02 15:00,4,0,0,4,4,3.1A,578.97
72,AP ARQ. LOPEZ OTERO,78922,2018-01-04 01:00,8,0,0,8,8,3.1A,618.58
915,AP ARQ. LOPEZ OTERO,78922,2018-02-08 04:00,8,0,0,8,8,3.1A,578.97
816,AP ARQ. LOPEZ OTERO,78922,2018-02-04 01:00,9,0,0,9,9,3.1A,578.97
714,AP ARQ. LOPEZ OTERO,78922,2018-01-30 19:00,9,0,0,9,9,3.1A,618.58
617,AP ARQ. LOPEZ OTERO,78922,2018-01-26 18:00,8,0,0,8,8,3.1A,618.58
238,AP ARQ. LOPEZ OTERO,78922,2018-01-10 23:00,9,0,0,9,9,3.1A,618.58
436,AP ARQ. LOPEZ OTERO,78922,2018-01-19 05:00,8,0,0,8,8,3.1A,618.58
878,AP ARQ. LOPEZ OTERO,78922,2018-02-06 15:00,4,0,0,4,4,3.1A,578.97
100,AP ARQ. LOPEZ OTERO,78922,2018-01-05 05:00,8,0,0,8,8,3.1A,618.58
74,AP ARQ. LOPEZ OTERO,78922,2018-01-04 03:00,9,0,0,9,9,3.1A,618.58
75,AP ARQ. LOPEZ OTERO,78922,2018-01-04 04:00,8,0,0,8,8,3.1A,618.58
180,AP ARQ. LOPEZ OTERO,78922,2018-01-08 13:00,3,0,0,3,3,3.1A,618.58
740,AP ARQ. LOPEZ OTERO,78922,2018-01-31 21:00,9,0,0,9,9,3.1A,618.58
605,AP ARQ. LOPEZ OTERO,78922,2018-01-26 06:00,8,0,0,8,8,3.1A,618.58
501,AP ARQ. LOPEZ OTERO,78922,2018-01-21 22:00,4,0,0,4,4,3.1A,618.58
502,AP ARQ. LOPEZ OTERO,78922,2018-01-21 23:00,3,0,0,3,3,3.1A,618.58
503,AP ARQ. LOPEZ OTERO,78922,2018-01-22 00:00,4,0,0,4,4,3.1A,618.58
504,AP ARQ. LOPEZ OTERO,78922,2018-01-22 01:00,7,0,0,7,7,3.1A,618.58
505,AP ARQ. LOPEZ OTERO,78922,2018-01-22 02:00,8,0,0,8,8,3.1A,618.58
506,AP ARQ. LOPEZ OTERO,78922,2018-01-22 03:00,8,0,0,8,8,3.1A,618.58
507,AP ARQ. LOPEZ OTERO,78922,2018-01-22 04:00,9,0,0,9,9,3.1A,618.58
561,AP ARQ. LOPEZ OTERO,78922,2018-01-24 10:00,4,0,0,4,4,3.1A,618.58
339,AP ARQ. LOPEZ OTERO,78922,2018-01-15 04:00,9,0,0,9,9,3.1A,618.58
311,AP ARQ. LOPEZ OTERO,78922,2018-01-14 00:00,3,0,0,3,3,3.1A,618.58
880,AP ARQ. LOPEZ OTERO,78922,2018-02-06 17:00,4,0,0,4,4,3.1A,578.97
117,AP ARQ. LOPEZ OTERO,78922,2018-01-05 22:00,9,0,0,9,9,3.1A,618.58
828,AP ARQ. LOPEZ OTERO,78922,2018-02-04 13:00,8,0,0,8,8,3.1A,578.97
177,AP ARQ. LOPEZ OTERO,78922,2018-01-08 10:00,3,0,0,3,3,3.1A,618.58
152,AP ARQ. LOPEZ OTERO,78922,2018-01-07 09:00,8,0,0,8,8,3.1A,618.58
643,AP ARQ. LOPEZ OTERO,78922,2018-01-27 20:00,4,0,0,4,4,3.1A,618.58
219,AP ARQ. LOPEZ OTERO,78922,2018-01-10 04:00,9,0,0,9,9,3.1A,618.58
220,AP ARQ. LOPEZ OTERO,78922,2018-01-10 05:00,9,0,0,9,9,3.1A,618.58
656,AP ARQ. LOPEZ OTERO,78922,2018-01-28 09:00,8,0,0,8,8,3.1A,618.58
888,AP ARQ. LOPEZ OTERO,78922,2018-02-07 01:00,9,0,0,9,9,3.1A,578.97
808,AP ARQ. LOPEZ OTERO,78922,2018-02-03 17:00,9,0,0,9,9,3.1A,578.97
760,AP ARQ. LOPEZ OTERO,78922,2018-02-01 17:00,4,0,0,4,4,3.1A,578.97
237,AP ARQ. LOPEZ OTERO,78922,2018-01-10 22:00,8,0,0,8,8,3.1A,618.58
584,AP ARQ. LOPEZ OTERO,78922,2018-01-25 09:00,3,0,0,3,3,3.1A,618.58
189,AP ARQ. LOPEZ OTERO,78922,2018-01-08 22:00,9,0,0,9,9,3.1A,618.58
403,AP ARQ. LOPEZ OTERO,78922,2018-01-17 20:00,9,0,0,9,9,3.1A,618.58
205,AP ARQ. LOPEZ OTERO,78922,2018-01-09 14:00,4,0,0,4,4,3.1A,618.58
477,AP ARQ. LOPEZ OTERO,78922,2018-01-20 22:00,4,0,0,4,4,3.1A,618.58
721,AP ARQ. LOPEZ OTERO,78922,2018-01-31 02:00,9,0,0,9,9,3.1A,618.58
706,AP ARQ. LOPEZ OTERO,78922,2018-01-30 11:00,4,0,0,4,4,3.1A,618.58
662,AP ARQ. LOPEZ OTERO,78922,2018-01-28 15:00,9,0,0,9,9,3.1A,618.58
324,AP ARQ. LOPEZ OTERO,78922,2018-01-14 13:00,8,0,0,8,8,3.1A,618.58
296,AP ARQ. LOPEZ OTERO,78922,2018-01-13 09:00,8,0,0,8,8,3.1A,618.58
847,AP ARQ. LOPEZ OTERO,78922,2018-02-05 08:00,8,0,0,8,8,3.1A,578.97
660,AP ARQ. LOPEZ OTERO,78922,2018-01-28 13:00,8,0,0,8,8,3.1A,618.58
295,AP ARQ. LOPEZ OTERO,78922,2018-01-13 08:00,8,0,0,8,8,3.1A,618.58
459,AP ARQ. LOPEZ OTERO,78922,2018-01-20 04:00,8,0,0,8,8,3.1A,618.58
622,AP ARQ. LOPEZ OTERO,78922,2018-01-26 23:00,8,0,0,8,8,3.1A,618.58
703,AP ARQ. LOPEZ OTERO,78922,2018-01-30 08:00,8,0,0,8,8,3.1A,618.58
860,AP ARQ. LOPEZ OTERO,78922,2018-02-05 21:00,8,0,0,8,8,3.1A,578.97
440,AP ARQ. LOPEZ OTERO,78922,2018-01-19 09:00,3,0,0,3,3,3.1A,618.58
297,AP ARQ. LOPEZ OTERO,78922,2018-01-13 10:00,8,0,0,8,8,3.1A,618.58
227,AP ARQ. LOPEZ OTERO,78922,2018-01-10 12:00,4,0,0,4,4,3.1A,618.58
129,AP ARQ. LOPEZ OTERO,78922,2018-01-06 10:00,8,0,0,8,8,3.1A,618.58
384,AP ARQ. LOPEZ OTERO,78922,2018-01-17 01:00,9,0,0,9,9,3.1A,618.58
28,AP ARQ. LOPEZ OTERO,78922,2018-01-02 05:00,9,0,0,9,9,3.1A,618.58
319,AP ARQ. LOPEZ OTERO,78922,2018-01-14 08:00,8,0,0,8,8,3.1A,618.58
792,AP ARQ. LOPEZ OTERO,78922,2018-02-03 01:00,9,0,0,9,9,3.1A,578.97
570,AP ARQ. LOPEZ OTERO,78922,2018-01-24 19:00,9,0,0,9,9,3.1A,618.58
405,AP ARQ. LOPEZ OTERO,78922,2018-01-17 22:00,8,0,0,8,8,3.1A,618.58
874,AP ARQ. LOPEZ OTERO,78922,2018-02-06 11:00,4,0,0,4,4,3.1A,578.97
746,AP ARQ. LOPEZ OTERO,78922,2018-02-01 03:00,9,0,0,9,9,3.1A,578.97
705,AP ARQ. LOPEZ OTERO,78922,2018-01-30 10:00,4,0,0,4,4,3.1A,618.58
697,AP ARQ. LOPEZ OTERO,78922,2018-01-30 02:00,9,0,0,9,9,3.1A,618.58
240,AP ARQ. LOPEZ OTERO,78922,2018-01-11 01:00,8,0,0,8,8,3.1A,618.58
423,AP ARQ. LOPEZ OTERO,78922,2018-01-18 16:00,4,0,0,4,4,3.1A,618.58
41,AP ARQ. LOPEZ OTERO,78922,2018-01-02 18:00,7,0,0,7,7,3.1A,618.58
783,AP ARQ. LOPEZ OTERO,78922,2018-02-02 16:00,4,0,0,4,4,3.1A,578.97
97,AP ARQ. LOPEZ OTERO,78922,2018-01-05 02:00,8,0,0,8,8,3.1A,618.58
627,AP ARQ. LOPEZ OTERO,78922,2018-01-27 04:00,8,0,0,8,8,3.1A,618.58
379,AP ARQ. LOPEZ OTERO,78922,2018-01-16 20:00,9,0,0,9,9,3.1A,618.58
711,AP ARQ. LOPEZ OTERO,78922,2018-01-30 16:00,4,0,0,4,4,3.1A,618.58
128,AP ARQ. LOPEZ OTERO,78922,2018-01-06 09:00,8,0,0,8,8,3.1A,618.58
165,AP ARQ. LOPEZ OTERO,78922,2018-01-07 22:00,4,0,0,4,4,3.1A,618.58
194,AP ARQ. LOPEZ OTERO,78922,2018-01-09 03:00,8,0,0,8,8,3.1A,618.58
463,AP ARQ. LOPEZ OTERO,78922,2018-01-20 08:00,8,0,0,8,8,3.1A,618.58
364,AP ARQ. LOPEZ OTERO,78922,2018-01-16 05:00,9,0,0,9,9,3.1A,618.58
657,AP ARQ. LOPEZ OTERO,78922,2018-01-28 10:00,8,0,0,8,8,3.1A,618.58
413,AP ARQ. LOPEZ OTERO,78922,2018-01-18 06:00,9,0,0,9,9,3.1A,618.58
914,AP ARQ. LOPEZ OTERO,78922,2018-02-08 03:00,8,0,0,8,8,3.1A,578.97
73,AP ARQ. LOPEZ OTERO,78922,2018-01-04 02:00,8,0,0,8,8,3.1A,618.58
449,AP ARQ. LOPEZ OTERO,78922,2018-01-19 18:00,8,0,0,8,8,3.1A,618.58
742,AP ARQ. LOPEZ OTERO,78922,2018-01-31 23:00,9,0,0,9,9,3.1A,618.58
718,AP ARQ. LOPEZ OTERO,78922,2018-01-30 23:00,9,0,0,9,9,3.1A,618.58
456,AP ARQ. LOPEZ OTERO,78922,2018-01-20 01:00,8,0,0,8,8,3.1A,618.58
29,AP ARQ. LOPEZ OTERO,78922,2018-01-02 06:00,9,0,0,9,9,3.1A,618.58
756,AP ARQ. LOPEZ OTERO,78922,2018-02-01 13:00,4,0,0,4,4,3.1A,578.97
748,AP ARQ. LOPEZ OTERO,78922,2018-02-01 05:00,9,0,0,9,9,3.1A,578.97
32,AP ARQ. LOPEZ OTERO,78922,2018-01-02 09:00,3,0,0,3,3,3.1A,618.58
271,AP ARQ. LOPEZ OTERO,78922,2018-01-12 08:00,8,0,0,8,8,3.1A,618.58
373,AP ARQ. LOPEZ OTERO,78922,2018-01-16 14:00,4,0,0,4,4,3.1A,618.58
663,AP ARQ. LOPEZ OTERO,78922,2018-01-28 16:00,8,0,0,8,8,3.1A,618.58
265,AP ARQ. LOPEZ OTERO,78922,2018-01-12 02:00,8,0,0,8,8,3.1A,618.58
334,AP ARQ. LOPEZ OTERO,78922,2018-01-14 23:00,3,0,0,3,3,3.1A,618.58
141,AP ARQ. LOPEZ OTERO,78922,2018-01-06 22:00,4,0,0,4,4,3.1A,618.58
645,AP ARQ. LOPEZ OTERO,78922,2018-01-27 22:00,4,0,0,4,4,3.1A,618.58
896,AP ARQ. LOPEZ OTERO,78922,2018-02-07 09:00,4,0,0,4,4,3.1A,578.97
730,AP ARQ. LOPEZ OTERO,78922,2018-01-31 11:00,3,0,0,3,3,3.1A,618.58
583,AP ARQ. LOPEZ OTERO,78922,2018-01-25 08:00,8,0,0,8,8,3.1A,618.58
839,AP ARQ. LOPEZ OTERO,78922,2018-02-05 00:00,4,0,0,4,4,3.1A,578.97
689,AP ARQ. LOPEZ OTERO,78922,2018-01-29 18:00,8,0,0,8,8,3.1A,618.58
23,AP ARQ. LOPEZ OTERO,78922,2018-01-02 00:00,3,0,0,3,3,3.1A,618.58
665,AP ARQ. LOPEZ OTERO,78922,2018-01-28 18:00,8,0,0,8,8,3.1A,618.58
682,AP ARQ. LOPEZ OTERO,78922,2018-01-29 11:00,3,0,0,3,3,3.1A,618.58
78,AP ARQ. LOPEZ OTERO,78922,2018-01-04 07:00,8,0,0,8,8,3.1A,618.58
893,AP ARQ. LOPEZ OTERO,78922,2018-02-07 06:00,8,0,0,8,8,3.1A,578.97
685,AP ARQ. LOPEZ OTERO,78922,2018-01-29 14:00,4,0,0,4,4,3.1A,618.58
844,AP ARQ. LOPEZ OTERO,78922,2018-02-05 05:00,8,0,0,8,8,3.1A,578.97
346,AP ARQ. LOPEZ OTERO,78922,2018-01-15 11:00,3,0,0,3,3,3.1A,618.58
648,AP ARQ. LOPEZ OTERO,78922,2018-01-28 01:00,9,0,0,9,9,3.1A,618.58
694,AP ARQ. LOPEZ OTERO,78922,2018-01-29 23:00,8,0,0,8,8,3.1A,618.58
248,AP ARQ. LOPEZ OTERO,78922,2018-01-11 09:00,3,0,0,3,3,3.1A,618.58
427,AP ARQ. LOPEZ OTERO,78922,2018-01-18 20:00,9,0,0,9,9,3.1A,618.58
218,AP ARQ. LOPEZ OTERO,78922,2018-01-10 03:00,9,0,0,9,9,3.1A,618.58
233,AP ARQ. LOPEZ OTERO,78922,2018-01-10 18:00,9,0,0,9,9,3.1A,618.58
727,AP ARQ. LOPEZ OTERO,78922,2018-01-31 08:00,8,0,0,8,8,3.1A,618.58
894,AP ARQ. LOPEZ OTERO,78922,2018-02-07 07:00,8,0,0,8,8,3.1A,578.97
47,AP ARQ. LOPEZ OTERO,78922,2018-01-03 00:00,3,0,0,3,3,3.1A,618.58
803,AP ARQ. LOPEZ OTERO,78922,2018-02-03 12:00,8,0,0,8,8,3.1A,578.97
151,AP ARQ. LOPEZ OTERO,78922,2018-01-07 08:00,8,0,0,8,8,3.1A,618.58
342,AP ARQ. LOPEZ OTERO,78922,2018-01-15 07:00,8,0,0,8,8,3.1A,618.58
777,AP ARQ. LOPEZ OTERO,78922,2018-02-02 10:00,4,0,0,4,4,3.1A,578.97
834,AP ARQ. LOPEZ OTERO,78922,2018-02-04 19:00,4,0,0,4,4,3.1A,578.97
228,AP ARQ. LOPEZ OTERO,78922,2018-01-10 13:00,4,0,0,4,4,3.1A,618.58
709,AP ARQ. LOPEZ OTERO,78922,2018-01-30 14:00,4,0,0,4,4,3.1A,618.58
794,AP ARQ. LOPEZ OTERO,78922,2018-02-03 03:00,9,0,0,9,9,3.1A,578.97
67,AP ARQ. LOPEZ OTERO,78922,2018-01-03 20:00,9,0,0,9,9,3.1A,618.58
68,AP ARQ. LOPEZ OTERO,78922,2018-01-03 21:00,9,0,0,9,9,3.1A,618.58
51,AP ARQ. LOPEZ OTERO,78922,2018-01-03 04:00,9,0,0,9,9,3.1A,618.58
471,AP ARQ. LOPEZ OTERO,78922,2018-01-20 16:00,9,0,0,9,9,3.1A,618.58
71,AP ARQ. LOPEZ OTERO,78922,2018-01-04 00:00,3,0,0,3,3,3.1A,618.58
732,AP ARQ. LOPEZ OTERO,78922,2018-01-31 13:00,4,0,0,4,4,3.1A,618.58
301,AP ARQ. LOPEZ OTERO,78922,2018-01-13 14:00,9,0,0,9,9,3.1A,618.58
562,AP ARQ. LOPEZ OTERO,78922,2018-01-24 11:00,3,0,0,3,3,3.1A,618.58
61,AP ARQ. LOPEZ OTERO,78922,2018-01-03 14:00,3,0,0,3,3,3.1A,618.58
266,AP ARQ. LOPEZ OTERO,78922,2018-01-12 03:00,8,0,0,8,8,3.1A,618.58
462,AP ARQ. LOPEZ OTERO,78922,2018-01-20 07:00,9,0,0,9,9,3.1A,618.58
556,AP ARQ. LOPEZ OTERO,78922,2018-01-24 05:00,9,0,0,9,9,3.1A,618.58
845,AP ARQ. LOPEZ OTERO,78922,2018-02-05 06:00,8,0,0,8,8,3.1A,578.97
858,AP ARQ. LOPEZ OTERO,78922,2018-02-05 19:00,7,0,0,7,7,3.1A,578.97
654,AP ARQ. LOPEZ OTERO,78922,2018-01-28 07:00,8,0,0,8,8,3.1A,618.58
890,AP ARQ. LOPEZ OTERO,78922,2018-02-07 03:00,9,0,0,9,9,3.1A,578.97
232,AP ARQ. LOPEZ OTERO,78922,2018-01-10 17:00,4,0,0,4,4,3.1A,618.58
77,AP ARQ. LOPEZ OTERO,78922,2018-01-04 06:00,9,0,0,9,9,3.1A,618.58
883,AP ARQ. LOPEZ OTERO,78922,2018-02-06 20:00,8,0,0,8,8,3.1A,578.97
302,AP ARQ. LOPEZ OTERO,78922,2018-01-13 15:00,9,0,0,9,9,3.1A,618.58
303,AP ARQ. LOPEZ OTERO,78922,2018-01-13 16:00,9,0,0,9,9,3.1A,618.58
690,AP ARQ. LOPEZ OTERO,78922,2018-01-29 19:00,8,0,0,8,8,3.1A,618.58
258,AP ARQ. LOPEZ OTERO,78922,2018-01-11 19:00,8,0,0,8,8,3.1A,618.58
826,AP ARQ. LOPEZ OTERO,78922,2018-02-04 11:00,9,0,0,9,9,3.1A,578.97
195,AP ARQ. LOPEZ OTERO,78922,2018-01-09 04:00,8,0,0,8,8,3.1A,618.58
739,AP ARQ. LOPEZ OTERO,78922,2018-01-31 20:00,9,0,0,9,9,3.1A,618.58
150,AP ARQ. LOPEZ OTERO,78922,2018-01-07 07:00,8,0,0,8,8,3.1A,618.58
902,AP ARQ. LOPEZ OTERO,78922,2018-02-07 15:00,4,0,0,4,4,3.1A,578.97
438,AP ARQ. LOPEZ OTERO,78922,2018-01-19 07:00,9,0,0,9,9,3.1A,618.58
664,AP ARQ. LOPEZ OTERO,78922,2018-01-28 17:00,8,0,0,8,8,3.1A,618.58
903,AP ARQ. LOPEZ OTERO,78922,2018-02-07 16:00,4,0,0,4,4,3.1A,578.97
260,AP ARQ. LOPEZ OTERO,78922,2018-01-11 21:00,9,0,0,9,9,3.1A,618.58
804,AP ARQ. LOPEZ OTERO,78922,2018-02-03 13:00,8,0,0,8,8,3.1A,578.97
156,AP ARQ. LOPEZ OTERO,78922,2018-01-07 13:00,8,0,0,8,8,3.1A,618.58
139,AP ARQ. LOPEZ OTERO,78922,2018-01-06 20:00,4,0,0,4,4,3.1A,618.58
840,AP ARQ. LOPEZ OTERO,78922,2018-02-05 01:00,7,0,0,7,7,3.1A,578.97
595,AP ARQ. LOPEZ OTERO,78922,2018-01-25 20:00,9,0,0,9,9,3.1A,618.58
261,AP ARQ. LOPEZ OTERO,78922,2018-01-11 22:00,9,0,0,9,9,3.1A,618.58
326,AP ARQ. LOPEZ OTERO,78922,2018-01-14 15:00,9,0,0,9,9,3.1A,618.58
855,AP ARQ. LOPEZ OTERO,78922,2018-02-05 16:00,4,0,0,4,4,3.1A,578.97
867,AP ARQ. LOPEZ OTERO,78922,2018-02-06 04:00,8,0,0,8,8,3.1A,578.97
441,AP ARQ. LOPEZ OTERO,78922,2018-01-19 10:00,4,0,0,4,4,3.1A,618.58
862,AP ARQ. LOPEZ OTERO,78922,2018-02-05 23:00,8,0,0,8,8,3.1A,578.97
102,AP ARQ. LOPEZ OTERO,78922,2018-01-05 07:00,9,0,0,9,9,3.1A,618.58
773,AP ARQ. LOPEZ OTERO,78922,2018-02-02 06:00,9,0,0,9,9,3.1A,578.97
88,AP ARQ. LOPEZ OTERO,78922,2018-01-04 17:00,3,0,0,3,3,3.1A,618.58
369,AP ARQ. LOPEZ OTERO,78922,2018-01-16 10:00,4,0,0,4,4,3.1A,618.58
780,AP ARQ. LOPEZ OTERO,78922,2018-02-02 13:00,4,0,0,4,4,3.1A,578.97
765,AP ARQ. LOPEZ OTERO,78922,2018-02-01 22:00,9,0,0,9,9,3.1A,578.97
636,AP ARQ. LOPEZ OTERO,78922,2018-01-27 13:00,8,0,0,8,8,3.1A,618.58
789,AP ARQ. LOPEZ OTERO,78922,2018-02-02 22:00,9,0,0,9,9,3.1A,578.97
99,AP ARQ. LOPEZ OTERO,78922,2018-01-05 04:00,8,0,0,8,8,3.1A,618.58
716,AP ARQ. LOPEZ OTERO,78922,2018-01-30 21:00,9,0,0,9,9,3.1A,618.58
442,AP ARQ. LOPEZ OTERO,78922,2018-01-19 11:00,3,0,0,3,3,3.1A,618.58
480,AP ARQ. LOPEZ OTERO,78922,2018-01-21 01:00,9,0,0,9,9,3.1A,618.58
203,AP ARQ. LOPEZ OTERO,78922,2018-01-09 12:00,4,0,0,4,4,3.1A,618.58
169,AP ARQ. LOPEZ OTERO,78922,2018-01-08 02:00,8,0,0,8,8,3.1A,618.58
778,AP ARQ. LOPEZ OTERO,78922,2018-02-02 11:00,4,0,0,4,4,3.1A,578.97
486,AP ARQ. LOPEZ OTERO,78922,2018-01-21 07:00,8,0,0,8,8,3.1A,618.58
487,AP ARQ. LOPEZ OTERO,78922,2018-01-21 08:00,8,0,0,8,8,3.1A,618.58
488,AP ARQ. LOPEZ OTERO,78922,2018-01-21 09:00,8,0,0,8,8,3.1A,618.58
489,AP ARQ. LOPEZ OTERO,78922,2018-01-21 10:00,8,0,0,8,8,3.1A,618.58
490,AP ARQ. LOPEZ OTERO,78922,2018-01-21 11:00,9,0,0,9,9,3.1A,618.58
491,AP ARQ. LOPEZ OTERO,78922,2018-01-21 12:00,8,0,0,8,8,3.1A,618.58
492,AP ARQ. LOPEZ OTERO,78922,2018-01-21 13:00,8,0,0,8,8,3.1A,618.58
493,AP ARQ. LOPEZ OTERO,78922,2018-01-21 14:00,8,0,0,8,8,3.1A,618.58
494,AP ARQ. LOPEZ OTERO,78922,2018-01-21 15:00,9,0,0,9,9,3.1A,618.58
495,AP ARQ. LOPEZ OTERO,78922,2018-01-21 16:00,8,0,0,8,8,3.1A,618.58
496,AP ARQ. LOPEZ OTERO,78922,2018-01-21 17:00,8,0,0,8,8,3.1A,618.58
497,AP ARQ. LOPEZ OTERO,78922,2018-01-21 18:00,8,0,0,8,8,3.1A,618.58
498,AP ARQ. LOPEZ OTERO,78922,2018-01-21 19:00,4,0,0,4,4,3.1A,618.58
499,AP ARQ. LOPEZ OTERO,78922,2018-01-21 20:00,4,0,0,4,4,3.1A,618.58
500,AP ARQ. LOPEZ OTERO,78922,2018-01-21 21:00,4,0,0,4,4,3.1A,618.58
119,AP ARQ. LOPEZ OTERO,78922,2018-01-06 00:00,4,0,0,4,4,3.1A,618.58
726,AP ARQ. LOPEZ OTERO,78922,2018-01-31 07:00,8,0,0,8,8,3.1A,618.58
873,AP ARQ. LOPEZ OTERO,78922,2018-02-06 10:00,4,0,0,4,4,3.1A,578.97
395,AP ARQ. LOPEZ OTERO,78922,2018-01-17 12:00,4,0,0,4,4,3.1A,618.58
900,AP ARQ. LOPEZ OTERO,78922,2018-02-07 13:00,4,0,0,4,4,3.1A,578.97
708,AP ARQ. LOPEZ OTERO,78922,2018-01-30 13:00,4,0,0,4,4,3.1A,618.58
850,AP ARQ. LOPEZ OTERO,78922,2018-02-05 11:00,4,0,0,4,4,3.1A,578.97
642,AP ARQ. LOPEZ OTERO,78922,2018-01-27 19:00,4,0,0,4,4,3.1A,618.58
831,AP ARQ. LOPEZ OTERO,78922,2018-02-04 16:00,8,0,0,8,8,3.1A,578.97
277,AP ARQ. LOPEZ OTERO,78922,2018-01-12 14:00,4,0,0,4,4,3.1A,618.58
330,AP ARQ. LOPEZ OTERO,78922,2018-01-14 19:00,4,0,0,4,4,3.1A,618.58
857,AP ARQ. LOPEZ OTERO,78922,2018-02-05 18:00,7,0,0,7,7,3.1A,578.97
243,AP ARQ. LOPEZ OTERO,78922,2018-01-11 04:00,8,0,0,8,8,3.1A,618.58
253,AP ARQ. LOPEZ OTERO,78922,2018-01-11 14:00,4,0,0,4,4,3.1A,618.58
410,AP ARQ. LOPEZ OTERO,78922,2018-01-18 03:00,9,0,0,9,9,3.1A,618.58
63,AP ARQ. LOPEZ OTERO,78922,2018-01-03 16:00,3,0,0,3,3,3.1A,618.58
483,AP ARQ. LOPEZ OTERO,78922,2018-01-21 04:00,9,0,0,9,9,3.1A,618.58
210,AP ARQ. LOPEZ OTERO,78922,2018-01-09 19:00,9,0,0,9,9,3.1A,618.58
764,AP ARQ. LOPEZ OTERO,78922,2018-02-01 21:00,9,0,0,9,9,3.1A,578.97
426,AP ARQ. LOPEZ OTERO,78922,2018-01-18 19:00,8,0,0,8,8,3.1A,618.58
281,AP ARQ. LOPEZ OTERO,78922,2018-01-12 18:00,8,0,0,8,8,3.1A,618.58
598,AP ARQ. LOPEZ OTERO,78922,2018-01-25 23:00,9,0,0,9,9,3.1A,618.58
6,AP ARQ. LOPEZ OTERO,78922,2018-01-01 07:00,8,0,0,8,8,3.1A,618.58
90,AP ARQ. LOPEZ OTERO,78922,2018-01-04 19:00,8,0,0,8,8,3.1A,618.58
720,AP ARQ. LOPEZ OTERO,78922,2018-01-31 01:00,9,0,0,9,9,3.1A,618.58
190,AP ARQ. LOPEZ OTERO,78922,2018-01-08 23:00,8,0,0,8,8,3.1A,618.58
640,AP ARQ. LOPEZ OTERO,78922,2018-01-27 17:00,9,0,0,9,9,3.1A,618.58
236,AP ARQ. LOPEZ OTERO,78922,2018-01-10 21:00,9,0,0,9,9,3.1A,618.58
578,AP ARQ. LOPEZ OTERO,78922,2018-01-25 03:00,9,0,0,9,9,3.1A,618.58
200,AP ARQ. LOPEZ OTERO,78922,2018-01-09 09:00,4,0,0,4,4,3.1A,618.58
360,AP ARQ. LOPEZ OTERO,78922,2018-01-16 01:00,9,0,0,9,9,3.1A,618.58
577,AP ARQ. LOPEZ OTERO,78922,2018-01-25 02:00,8,0,0,8,8,3.1A,618.58
57,AP ARQ. LOPEZ OTERO,78922,2018-01-03 10:00,3,0,0,3,3,3.1A,618.58
629,AP ARQ. LOPEZ OTERO,78922,2018-01-27 06:00,8,0,0,8,8,3.1A,618.58
417,AP ARQ. LOPEZ OTERO,78922,2018-01-18 10:00,3,0,0,3,3,3.1A,618.58
651,AP ARQ. LOPEZ OTERO,78922,2018-01-28 04:00,9,0,0,9,9,3.1A,618.58
701,AP ARQ. LOPEZ OTERO,78922,2018-01-30 06:00,9,0,0,9,9,3.1A,618.58
610,AP ARQ. LOPEZ OTERO,78922,2018-01-26 11:00,3,0,0,3,3,3.1A,618.58
588,AP ARQ. LOPEZ OTERO,78922,2018-01-25 13:00,3,0,0,3,3,3.1A,618.58
353,AP ARQ. LOPEZ OTERO,78922,2018-01-15 18:00,8,0,0,8,8,3.1A,618.58
250,AP ARQ. LOPEZ OTERO,78922,2018-01-11 11:00,3,0,0,3,3,3.1A,618.58
111,AP ARQ. LOPEZ OTERO,78922,2018-01-05 16:00,4,0,0,4,4,3.1A,618.58
647,AP ARQ. LOPEZ OTERO,78922,2018-01-28 00:00,3,0,0,3,3,3.1A,618.58
306,AP ARQ. LOPEZ OTERO,78922,2018-01-13 19:00,4,0,0,4,4,3.1A,618.58
307,AP ARQ. LOPEZ OTERO,78922,2018-01-13 20:00,4,0,0,4,4,3.1A,618.58
390,AP ARQ. LOPEZ OTERO,78922,2018-01-17 07:00,8,0,0,8,8,3.1A,618.58
790,AP ARQ. LOPEZ OTERO,78922,2018-02-02 23:00,8,0,0,8,8,3.1A,578.97
314,AP ARQ. LOPEZ OTERO,78922,2018-01-14 03:00,9,0,0,9,9,3.1A,618.58
835,AP ARQ. LOPEZ OTERO,78922,2018-02-04 20:00,4,0,0,4,4,3.1A,578.97
293,AP ARQ. LOPEZ OTERO,78922,2018-01-13 06:00,8,0,0,8,8,3.1A,618.58
13,AP ARQ. LOPEZ OTERO,78922,2018-01-01 14:00,8,0,0,8,8,3.1A,618.58
767,AP ARQ. LOPEZ OTERO,78922,2018-02-02 00:00,4,0,0,4,4,3.1A,578.97
635,AP ARQ. LOPEZ OTERO,78922,2018-01-27 12:00,8,0,0,8,8,3.1A,618.58
801,AP ARQ. LOPEZ OTERO,78922,2018-02-03 10:00,8,0,0,8,8,3.1A,578.97
229,AP ARQ. LOPEZ OTERO,78922,2018-01-10 14:00,4,0,0,4,4,3.1A,618.58
779,AP ARQ. LOPEZ OTERO,78922,2018-02-02 12:00,4,0,0,4,4,3.1A,578.97
901,AP ARQ. LOPEZ OTERO,78922,2018-02-07 14:00,4,0,0,4,4,3.1A,578.97
35,AP ARQ. LOPEZ OTERO,78922,2018-01-02 12:00,3,0,0,3,3,3.1A,618.58
818,AP ARQ. LOPEZ OTERO,78922,2018-02-04 03:00,9,0,0,9,9,3.1A,578.97
387,AP ARQ. LOPEZ OTERO,78922,2018-01-17 04:00,9,0,0,9,9,3.1A,618.58
755,AP ARQ. LOPEZ OTERO,78922,2018-02-01 12:00,4,0,0,4,4,3.1A,578.97
698,AP ARQ. LOPEZ OTERO,78922,2018-01-30 03:00,8,0,0,8,8,3.1A,618.58
634,AP ARQ. LOPEZ OTERO,78922,2018-01-27 11:00,8,0,0,8,8,3.1A,618.58
168,AP ARQ. LOPEZ OTERO,78922,2018-01-08 01:00,7,0,0,7,7,3.1A,618.58
704,AP ARQ. LOPEZ OTERO,78922,2018-01-30 09:00,4,0,0,4,4,3.1A,618.58
870,AP ARQ. LOPEZ OTERO,78922,2018-02-06 07:00,8,0,0,8,8,3.1A,578.97
280,AP ARQ. LOPEZ OTERO,78922,2018-01-12 17:00,4,0,0,4,4,3.1A,618.58
460,AP ARQ. LOPEZ OTERO,78922,2018-01-20 05:00,8,0,0,8,8,3.1A,618.58
759,AP ARQ. LOPEZ OTERO,78922,2018-02-01 16:00,4,0,0,4,4,3.1A,578.97
688,AP ARQ. LOPEZ OTERO,78922,2018-01-29 17:00,3,0,0,3,3,3.1A,618.58
822,AP ARQ. LOPEZ OTERO,78922,2018-02-04 07:00,8,0,0,8,8,3.1A,578.97
667,AP ARQ. LOPEZ OTERO,78922,2018-01-28 20:00,4,0,0,4,4,3.1A,618.58
508,AP ARQ. LOPEZ OTERO,78922,2018-01-22 05:00,8,0,0,8,8,3.1A,618.58
509,AP ARQ. LOPEZ OTERO,78922,2018-01-22 06:00,8,0,0,8,8,3.1A,618.58
510,AP ARQ. LOPEZ OTERO,78922,2018-01-22 07:00,8,0,0,8,8,3.1A,618.58
511,AP ARQ. LOPEZ OTERO,78922,2018-01-22 08:00,8,0,0,8,8,3.1A,618.58
512,AP ARQ. LOPEZ OTERO,78922,2018-01-22 09:00,3,0,0,3,3,3.1A,618.58
513,AP ARQ. LOPEZ OTERO,78922,2018-01-22 10:00,3,0,0,3,3,3.1A,618.58
514,AP ARQ. LOPEZ OTERO,78922,2018-01-22 11:00,3,0,0,3,3,3.1A,618.58
515,AP ARQ. LOPEZ OTERO,78922,2018-01-22 12:00,3,0,0,3,3,3.1A,618.58
516,AP ARQ. LOPEZ OTERO,78922,2018-01-22 13:00,3,0,0,3,3,3.1A,618.58
517,AP ARQ. LOPEZ OTERO,78922,2018-01-22 14:00,4,0,0,4,4,3.1A,618.58
518,AP ARQ. LOPEZ OTERO,78922,2018-01-22 15:00,3,0,0,3,3,3.1A,618.58
519,AP ARQ. LOPEZ OTERO,78922,2018-01-22 16:00,3,0,0,3,3,3.1A,618.58
520,AP ARQ. LOPEZ OTERO,78922,2018-01-22 17:00,3,0,0,3,3,3.1A,618.58
521,AP ARQ. LOPEZ OTERO,78922,2018-01-22 18:00,8,0,0,8,8,3.1A,618.58
522,AP ARQ. LOPEZ OTERO,78922,2018-01-22 19:00,8,0,0,8,8,3.1A,618.58
523,AP ARQ. LOPEZ OTERO,78922,2018-01-22 20:00,8,0,0,8,8,3.1A,618.58
524,AP ARQ. LOPEZ OTERO,78922,2018-01-22 21:00,9,0,0,9,9,3.1A,618.58
525,AP ARQ. LOPEZ OTERO,78922,2018-01-22 22:00,9,0,0,9,9,3.1A,618.58
526,AP ARQ. LOPEZ OTERO,78922,2018-01-22 23:00,8,0,0,8,8,3.1A,618.58
527,AP ARQ. LOPEZ OTERO,78922,2018-01-23 00:00,3,0,0,3,3,3.1A,618.58
528,AP ARQ. LOPEZ OTERO,78922,2018-01-23 01:00,9,0,0,9,9,3.1A,618.58
529,AP ARQ. LOPEZ OTERO,78922,2018-01-23 02:00,9,0,0,9,9,3.1A,618.58
530,AP ARQ. LOPEZ OTERO,78922,2018-01-23 03:00,8,0,0,8,8,3.1A,618.58
531,AP ARQ. LOPEZ OTERO,78922,2018-01-23 04:00,8,0,0,8,8,3.1A,618.58
532,AP ARQ. LOPEZ OTERO,78922,2018-01-23 05:00,9,0,0,9,9,3.1A,618.58
533,AP ARQ. LOPEZ OTERO,78922,2018-01-23 06:00,9,0,0,9,9,3.1A,618.58
534,AP ARQ. LOPEZ OTERO,78922,2018-01-23 07:00,8,0,0,8,8,3.1A,618.58
535,AP ARQ. LOPEZ OTERO,78922,2018-01-23 08:00,8,0,0,8,8,3.1A,618.58
536,AP ARQ. LOPEZ OTERO,78922,2018-01-23 09:00,4,0,0,4,4,3.1A,618.58
537,AP ARQ. LOPEZ OTERO,78922,2018-01-23 10:00,4,0,0,4,4,3.1A,618.58
538,AP ARQ. LOPEZ OTERO,78922,2018-01-23 11:00,4,0,0,4,4,3.1A,618.58
539,AP ARQ. LOPEZ OTERO,78922,2018-01-23 12:00,4,0,0,4,4,3.1A,618.58
540,AP ARQ. LOPEZ OTERO,78922,2018-01-23 13:00,4,0,0,4,4,3.1A,618.58
541,AP ARQ. LOPEZ OTERO,78922,2018-01-23 14:00,4,0,0,4,4,3.1A,618.58
542,AP ARQ. LOPEZ OTERO,78922,2018-01-23 15:00,4,0,0,4,4,3.1A,618.58
543,AP ARQ. LOPEZ OTERO,78922,2018-01-23 16:00,4,0,0,4,4,3.1A,618.58
544,AP ARQ. LOPEZ OTERO,78922,2018-01-23 17:00,3,0,0,3,3,3.1A,618.58
545,AP ARQ. LOPEZ OTERO,78922,2018-01-23 18:00,8,0,0,8,8,3.1A,618.58
157,AP ARQ. LOPEZ OTERO,78922,2018-01-07 14:00,8,0,0,8,8,3.1A,618.58
385,AP ARQ. LOPEZ OTERO,78922,2018-01-17 02:00,9,0,0,9,9,3.1A,618.58
386,AP ARQ. LOPEZ OTERO,78922,2018-01-17 03:00,9,0,0,9,9,3.1A,618.58
325,AP ARQ. LOPEZ OTERO,78922,2018-01-14 14:00,8,0,0,8,8,3.1A,618.58
769,AP ARQ. LOPEZ OTERO,78922,2018-02-02 02:00,9,0,0,9,9,3.1A,578.97
166,AP ARQ. LOPEZ OTERO,78922,2018-01-07 23:00,3,0,0,3,3,3.1A,618.58
322,AP ARQ. LOPEZ OTERO,78922,2018-01-14 11:00,9,0,0,9,9,3.1A,618.58
30,AP ARQ. LOPEZ OTERO,78922,2018-01-02 07:00,8,0,0,8,8,3.1A,618.58
824,AP ARQ. LOPEZ OTERO,78922,2018-02-04 09:00,8,0,0,8,8,3.1A,578.97
416,AP ARQ. LOPEZ OTERO,78922,2018-01-18 09:00,3,0,0,3,3,3.1A,618.58
113,AP ARQ. LOPEZ OTERO,78922,2018-01-05 18:00,8,0,0,8,8,3.1A,618.58
290,AP ARQ. LOPEZ OTERO,78922,2018-01-13 03:00,8,0,0,8,8,3.1A,618.58
160,AP ARQ. LOPEZ OTERO,78922,2018-01-07 17:00,8,0,0,8,8,3.1A,618.58
344,AP ARQ. LOPEZ OTERO,78922,2018-01-15 09:00,3,0,0,3,3,3.1A,618.58
412,AP ARQ. LOPEZ OTERO,78922,2018-01-18 05:00,9,0,0,9,9,3.1A,618.58
242,AP ARQ. LOPEZ OTERO,78922,2018-01-11 03:00,9,0,0,9,9,3.1A,618.58
20,AP ARQ. LOPEZ OTERO,78922,2018-01-01 21:00,3,0,0,3,3,3.1A,618.58
320,AP ARQ. LOPEZ OTERO,78922,2018-01-14 09:00,8,0,0,8,8,3.1A,618.58
868,AP ARQ. LOPEZ OTERO,78922,2018-02-06 05:00,8,0,0,8,8,3.1A,578.97
572,AP ARQ. LOPEZ OTERO,78922,2018-01-24 21:00,9,0,0,9,9,3.1A,618.58
38,AP ARQ. LOPEZ OTERO,78922,2018-01-02 15:00,3,0,0,3,3,3.1A,618.58
917,AP ARQ. LOPEZ OTERO,78922,2018-02-08 06:00,8,0,0,8,8,3.1A,578.97
349,AP ARQ. LOPEZ OTERO,78922,2018-01-15 14:00,4,0,0,4,4,3.1A,618.58
211,AP ARQ. LOPEZ OTERO,78922,2018-01-09 20:00,9,0,0,9,9,3.1A,618.58
626,AP ARQ. LOPEZ OTERO,78922,2018-01-27 03:00,8,0,0,8,8,3.1A,618.58
79,AP ARQ. LOPEZ OTERO,78922,2018-01-04 08:00,8,0,0,8,8,3.1A,618.58
110,AP ARQ. LOPEZ OTERO,78922,2018-01-05 15:00,4,0,0,4,4,3.1A,618.58
309,AP ARQ. LOPEZ OTERO,78922,2018-01-13 22:00,4,0,0,4,4,3.1A,618.58
679,AP ARQ. LOPEZ OTERO,78922,2018-01-29 08:00,8,0,0,8,8,3.1A,618.58
479,AP ARQ. LOPEZ OTERO,78922,2018-01-21 00:00,3,0,0,3,3,3.1A,618.58
786,AP ARQ. LOPEZ OTERO,78922,2018-02-02 19:00,9,0,0,9,9,3.1A,578.97
335,AP ARQ. LOPEZ OTERO,78922,2018-01-15 00:00,4,0,0,4,4,3.1A,618.58
7,AP ARQ. LOPEZ OTERO,78922,2018-01-01 08:00,8,0,0,8,8,3.1A,618.58
653,AP ARQ. LOPEZ OTERO,78922,2018-01-28 06:00,9,0,0,9,9,3.1A,618.58
415,AP ARQ. LOPEZ OTERO,78922,2018-01-18 08:00,8,0,0,8,8,3.1A,618.58
167,AP ARQ. LOPEZ OTERO,78922,2018-01-08 00:00,4,0,0,4,4,3.1A,618.58
812,AP ARQ. LOPEZ OTERO,78922,2018-02-03 21:00,4,0,0,4,4,3.1A,578.97
428,AP ARQ. LOPEZ OTERO,78922,2018-01-18 21:00,9,0,0,9,9,3.1A,618.58
872,AP ARQ. LOPEZ OTERO,78922,2018-02-06 09:00,4,0,0,4,4,3.1A,578.97
827,AP ARQ. LOPEZ OTERO,78922,2018-02-04 12:00,8,0,0,8,8,3.1A,578.97
819,AP ARQ. LOPEZ OTERO,78922,2018-02-04 04:00,8,0,0,8,8,3.1A,578.97
196,AP ARQ. LOPEZ OTERO,78922,2018-01-09 05:00,9,0,0,9,9,3.1A,618.58
752,AP ARQ. LOPEZ OTERO,78922,2018-02-01 09:00,4,0,0,4,4,3.1A,578.97
568,AP ARQ. LOPEZ OTERO,78922,2018-01-24 17:00,4,0,0,4,4,3.1A,618.58
24,AP ARQ. LOPEZ OTERO,78922,2018-01-02 01:00,9,0,0,9,9,3.1A,618.58
437,AP ARQ. LOPEZ OTERO,78922,2018-01-19 06:00,8,0,0,8,8,3.1A,618.58
336,AP ARQ. LOPEZ OTERO,78922,2018-01-15 01:00,7,0,0,7,7,3.1A,618.58
252,AP ARQ. LOPEZ OTERO,78922,2018-01-11 13:00,3,0,0,3,3,3.1A,618.58
93,AP ARQ. LOPEZ OTERO,78922,2018-01-04 22:00,9,0,0,9,9,3.1A,618.58
327,AP ARQ. LOPEZ OTERO,78922,2018-01-14 16:00,8,0,0,8,8,3.1A,618.58
107,AP ARQ. LOPEZ OTERO,78922,2018-01-05 12:00,3,0,0,3,3,3.1A,618.58
121,AP ARQ. LOPEZ OTERO,78922,2018-01-06 02:00,9,0,0,9,9,3.1A,618.58
52,AP ARQ. LOPEZ OTERO,78922,2018-01-03 05:00,9,0,0,9,9,3.1A,618.58
455,AP ARQ. LOPEZ OTERO,78922,2018-01-20 00:00,4,0,0,4,4,3.1A,618.58
676,AP ARQ. LOPEZ OTERO,78922,2018-01-29 05:00,8,0,0,8,8,3.1A,618.58
39,AP ARQ. LOPEZ OTERO,78922,2018-01-02 16:00,3,0,0,3,3,3.1A,618.58
202,AP ARQ. LOPEZ OTERO,78922,2018-01-09 11:00,4,0,0,4,4,3.1A,618.58
359,AP ARQ. LOPEZ OTERO,78922,2018-01-16 00:00,3,0,0,3,3,3.1A,618.58
611,AP ARQ. LOPEZ OTERO,78922,2018-01-26 12:00,3,0,0,3,3,3.1A,618.58
127,AP ARQ. LOPEZ OTERO,78922,2018-01-06 08:00,8,0,0,8,8,3.1A,618.58
286,AP ARQ. LOPEZ OTERO,78922,2018-01-12 23:00,8,0,0,8,8,3.1A,618.58
451,AP ARQ. LOPEZ OTERO,78922,2018-01-19 20:00,9,0,0,9,9,3.1A,618.58
183,AP ARQ. LOPEZ OTERO,78922,2018-01-08 16:00,3,0,0,3,3,3.1A,618.58
675,AP ARQ. LOPEZ OTERO,78922,2018-01-29 04:00,9,0,0,9,9,3.1A,618.58
856,AP ARQ. LOPEZ OTERO,78922,2018-02-05 17:00,4,0,0,4,4,3.1A,578.97
659,AP ARQ. LOPEZ OTERO,78922,2018-01-28 12:00,8,0,0,8,8,3.1A,618.58
126,AP ARQ. LOPEZ OTERO,78922,2018-01-06 07:00,8,0,0,8,8,3.1A,618.58
283,AP ARQ. LOPEZ OTERO,78922,2018-01-12 20:00,9,0,0,9,9,3.1A,618.58
36,AP ARQ. LOPEZ OTERO,78922,2018-01-02 13:00,3,0,0,3,3,3.1A,618.58
282,AP ARQ. LOPEZ OTERO,78922,2018-01-12 19:00,9,0,0,9,9,3.1A,618.58
569,AP ARQ. LOPEZ OTERO,78922,2018-01-24 18:00,9,0,0,9,9,3.1A,618.58
898,AP ARQ. LOPEZ OTERO,78922,2018-02-07 11:00,4,0,0,4,4,3.1A,578.97
149,AP ARQ. LOPEZ OTERO,78922,2018-01-07 06:00,9,0,0,9,9,3.1A,618.58
249,AP ARQ. LOPEZ OTERO,78922,2018-01-11 10:00,3,0,0,3,3,3.1A,618.58
843,AP ARQ. LOPEZ OTERO,78922,2018-02-05 04:00,8,0,0,8,8,3.1A,578.97
910,AP ARQ. LOPEZ OTERO,78922,2018-02-07 23:00,8,0,0,8,8,3.1A,578.97
624,AP ARQ. LOPEZ OTERO,78922,2018-01-27 01:00,8,0,0,8,8,3.1A,618.58
815,AP ARQ. LOPEZ OTERO,78922,2018-02-04 00:00,4,0,0,4,4,3.1A,578.97
580,AP ARQ. LOPEZ OTERO,78922,2018-01-25 05:00,9,0,0,9,9,3.1A,618.58
683,AP ARQ. LOPEZ OTERO,78922,2018-01-29 12:00,3,0,0,3,3,3.1A,618.58
699,AP ARQ. LOPEZ OTERO,78922,2018-01-30 04:00,8,0,0,8,8,3.1A,618.58
674,AP ARQ. LOPEZ OTERO,78922,2018-01-29 03:00,8,0,0,8,8,3.1A,618.58
321,AP ARQ. LOPEZ OTERO,78922,2018-01-14 10:00,8,0,0,8,8,3.1A,618.58
259,AP ARQ. LOPEZ OTERO,78922,2018-01-11 20:00,9,0,0,9,9,3.1A,618.58
735,AP ARQ. LOPEZ OTERO,78922,2018-01-31 16:00,4,0,0,4,4,3.1A,618.58
559,AP ARQ. LOPEZ OTERO,78922,2018-01-24 08:00,8,0,0,8,8,3.1A,618.58
560,AP ARQ. LOPEZ OTERO,78922,2018-01-24 09:00,3,0,0,3,3,3.1A,618.58
886,AP ARQ. LOPEZ OTERO,78922,2018-02-06 23:00,8,0,0,8,8,3.1A,578.97
245,AP ARQ. LOPEZ OTERO,78922,2018-01-11 06:00,9,0,0,9,9,3.1A,618.58
590,AP ARQ. LOPEZ OTERO,78922,2018-01-25 15:00,4,0,0,4,4,3.1A,618.58
793,AP ARQ. LOPEZ OTERO,78922,2018-02-03 02:00,9,0,0,9,9,3.1A,578.97
774,AP ARQ. LOPEZ OTERO,78922,2018-02-02 07:00,10,0,0,10,10,3.1A,578.97
299,AP ARQ. LOPEZ OTERO,78922,2018-01-13 12:00,8,0,0,8,8,3.1A,618.58
348,AP ARQ. LOPEZ OTERO,78922,2018-01-15 13:00,3,0,0,3,3,3.1A,618.58
162,AP ARQ. LOPEZ OTERO,78922,2018-01-07 19:00,4,0,0,4,4,3.1A,618.58
482,AP ARQ. LOPEZ OTERO,78922,2018-01-21 03:00,9,0,0,9,9,3.1A,618.58
155,AP ARQ. LOPEZ OTERO,78922,2018-01-07 12:00,8,0,0,8,8,3.1A,618.58
630,AP ARQ. LOPEZ OTERO,78922,2018-01-27 07:00,9,0,0,9,9,3.1A,618.58
34,AP ARQ. LOPEZ OTERO,78922,2018-01-02 11:00,3,0,0,3,3,3.1A,618.58
673,AP ARQ. LOPEZ OTERO,78922,2018-01-29 02:00,8,0,0,8,8,3.1A,618.58
132,AP ARQ. LOPEZ OTERO,78922,2018-01-06 13:00,8,0,0,8,8,3.1A,618.58
192,AP ARQ. LOPEZ OTERO,78922,2018-01-09 01:00,9,0,0,9,9,3.1A,618.58
811,AP ARQ. LOPEZ OTERO,78922,2018-02-03 20:00,4,0,0,4,4,3.1A,578.97
175,AP ARQ. LOPEZ OTERO,78922,2018-01-08 08:00,8,0,0,8,8,3.1A,618.58
370,AP ARQ. LOPEZ OTERO,78922,2018-01-16 11:00,4,0,0,4,4,3.1A,618.58
448,AP ARQ. LOPEZ OTERO,78922,2018-01-19 17:00,4,0,0,4,4,3.1A,618.58
239,AP ARQ. LOPEZ OTERO,78922,2018-01-11 00:00,4,0,0,4,4,3.1A,618.58
333,AP ARQ. LOPEZ OTERO,78922,2018-01-14 22:00,4,0,0,4,4,3.1A,618.58
641,AP ARQ. LOPEZ OTERO,78922,2018-01-27 18:00,8,0,0,8,8,3.1A,618.58
823,AP ARQ. LOPEZ OTERO,78922,2018-02-04 08:00,8,0,0,8,8,3.1A,578.97
181,AP ARQ. LOPEZ OTERO,78922,2018-01-08 14:00,4,0,0,4,4,3.1A,618.58
366,AP ARQ. LOPEZ OTERO,78922,2018-01-16 07:00,8,0,0,8,8,3.1A,618.58
838,AP ARQ. LOPEZ OTERO,78922,2018-02-04 23:00,4,0,0,4,4,3.1A,578.97
332,AP ARQ. LOPEZ OTERO,78922,2018-01-14 21:00,4,0,0,4,4,3.1A,618.58
813,AP ARQ. LOPEZ OTERO,78922,2018-02-03 22:00,4,0,0,4,4,3.1A,578.97
17,AP ARQ. LOPEZ OTERO,78922,2018-01-01 18:00,8,0,0,8,8,3.1A,618.58
18,AP ARQ. LOPEZ OTERO,78922,2018-01-01 19:00,3,0,0,3,3,3.1A,618.58
294,AP ARQ. LOPEZ OTERO,78922,2018-01-13 07:00,9,0,0,9,9,3.1A,618.58
312,AP ARQ. LOPEZ OTERO,78922,2018-01-14 01:00,9,0,0,9,9,3.1A,618.58
254,AP ARQ. LOPEZ OTERO,78922,2018-01-11 15:00,4,0,0,4,4,3.1A,618.58
606,AP ARQ. LOPEZ OTERO,78922,2018-01-26 07:00,9,0,0,9,9,3.1A,618.58
464,AP ARQ. LOPEZ OTERO,78922,2018-01-20 09:00,8,0,0,8,8,3.1A,618.58
465,AP ARQ. LOPEZ OTERO,78922,2018-01-20 10:00,8,0,0,8,8,3.1A,618.58
101,AP ARQ. LOPEZ OTERO,78922,2018-01-05 06:00,8,0,0,8,8,3.1A,618.58
832,AP ARQ. LOPEZ OTERO,78922,2018-02-04 17:00,8,0,0,8,8,3.1A,578.97
887,AP ARQ. LOPEZ OTERO,78922,2018-02-07 00:00,4,0,0,4,4,3.1A,578.97
806,AP ARQ. LOPEZ OTERO,78922,2018-02-03 15:00,8,0,0,8,8,3.1A,578.97
216,AP ARQ. LOPEZ OTERO,78922,2018-01-10 01:00,9,0,0,9,9,3.1A,618.58
749,AP ARQ. LOPEZ OTERO,78922,2018-02-01 06:00,9,0,0,9,9,3.1A,578.97
94,AP ARQ. LOPEZ OTERO,78922,2018-01-04 23:00,9,0,0,9,9,3.1A,618.58
45,AP ARQ. LOPEZ OTERO,78922,2018-01-02 22:00,8,0,0,8,8,3.1A,618.58
106,AP ARQ. LOPEZ OTERO,78922,2018-01-05 11:00,3,0,0,3,3,3.1A,618.58
153,AP ARQ. LOPEZ OTERO,78922,2018-01-07 10:00,8,0,0,8,8,3.1A,618.58
14,AP ARQ. LOPEZ OTERO,78922,2018-01-01 15:00,9,0,0,9,9,3.1A,618.58
15,AP ARQ. LOPEZ OTERO,78922,2018-01-01 16:00,8,0,0,8,8,3.1A,618.58
758,AP ARQ. LOPEZ OTERO,78922,2018-02-01 15:00,4,0,0,4,4,3.1A,578.97
478,AP ARQ. LOPEZ OTERO,78922,2018-01-20 23:00,3,0,0,3,3,3.1A,618.58
25,AP ARQ. LOPEZ OTERO,78922,2018-01-02 02:00,9,0,0,9,9,3.1A,618.58
105,AP ARQ. LOPEZ OTERO,78922,2018-01-05 10:00,4,0,0,4,4,3.1A,618.58
432,AP ARQ. LOPEZ OTERO,78922,2018-01-19 01:00,8,0,0,8,8,3.1A,618.58
433,AP ARQ. LOPEZ OTERO,78922,2018-01-19 02:00,8,0,0,8,8,3.1A,618.58
31,AP ARQ. LOPEZ OTERO,78922,2018-01-02 08:00,8,0,0,8,8,3.1A,618.58
350,AP ARQ. LOPEZ OTERO,78922,2018-01-15 15:00,3,0,0,3,3,3.1A,618.58
351,AP ARQ. LOPEZ OTERO,78922,2018-01-15 16:00,3,0,0,3,3,3.1A,618.58
797,AP ARQ. LOPEZ OTERO,78922,2018-02-03 06:00,9,0,0,9,9,3.1A,578.97
684,AP ARQ. LOPEZ OTERO,78922,2018-01-29 13:00,3,0,0,3,3,3.1A,618.58
81,AP ARQ. LOPEZ OTERO,78922,2018-01-04 10:00,2,0,0,2,2,3.1A,618.58
820,AP ARQ. LOPEZ OTERO,78922,2018-02-04 05:00,9,0,0,9,9,3.1A,578.97
408,AP ARQ. LOPEZ OTERO,78922,2018-01-18 01:00,8,0,0,8,8,3.1A,618.58
318,AP ARQ. LOPEZ OTERO,78922,2018-01-14 07:00,8,0,0,8,8,3.1A,618.58
601,AP ARQ. LOPEZ OTERO,78922,2018-01-26 02:00,8,0,0,8,8,3.1A,618.58
571,AP ARQ. LOPEZ OTERO,78922,2018-01-24 20:00,9,0,0,9,9,3.1A,618.58
424,AP ARQ. LOPEZ OTERO,78922,2018-01-18 17:00,3,0,0,3,3,3.1A,618.58
875,AP ARQ. LOPEZ OTERO,78922,2018-02-06 12:00,4,0,0,4,4,3.1A,578.97
372,AP ARQ. LOPEZ OTERO,78922,2018-01-16 13:00,4,0,0,4,4,3.1A,618.58
140,AP ARQ. LOPEZ OTERO,78922,2018-01-06 21:00,4,0,0,4,4,3.1A,618.58
619,AP ARQ. LOPEZ OTERO,78922,2018-01-26 20:00,9,0,0,9,9,3.1A,618.58
854,AP ARQ. LOPEZ OTERO,78922,2018-02-05 15:00,4,0,0,4,4,3.1A,578.97
712,AP ARQ. LOPEZ OTERO,78922,2018-01-30 17:00,3,0,0,3,3,3.1A,618.58
362,AP ARQ. LOPEZ OTERO,78922,2018-01-16 03:00,8,0,0,8,8,3.1A,618.58
331,AP ARQ. LOPEZ OTERO,78922,2018-01-14 20:00,4,0,0,4,4,3.1A,618.58
594,AP ARQ. LOPEZ OTERO,78922,2018-01-25 19:00,8,0,0,8,8,3.1A,618.58
418,AP ARQ. LOPEZ OTERO,78922,2018-01-18 11:00,3,0,0,3,3,3.1A,618.58
9,AP ARQ. LOPEZ OTERO,78922,2018-01-01 10:00,8,0,0,8,8,3.1A,618.58
757,AP ARQ. LOPEZ OTERO,78922,2018-02-01 14:00,4,0,0,4,4,3.1A,578.97
916,AP ARQ. LOPEZ OTERO,78922,2018-02-08 05:00,8,0,0,8,8,3.1A,578.97
597,AP ARQ. LOPEZ OTERO,78922,2018-01-25 22:00,9,0,0,9,9,3.1A,618.58
371,AP ARQ. LOPEZ OTERO,78922,2018-01-16 12:00,4,0,0,4,4,3.1A,618.58
615,AP ARQ. LOPEZ OTERO,78922,2018-01-26 16:00,4,0,0,4,4,3.1A,618.58
367,AP ARQ. LOPEZ OTERO,78922,2018-01-16 08:00,8,0,0,8,8,3.1A,618.58
604,AP ARQ. LOPEZ OTERO,78922,2018-01-26 05:00,8,0,0,8,8,3.1A,618.58
56,AP ARQ. LOPEZ OTERO,78922,2018-01-03 09:00,2,0,0,2,2,3.1A,618.58
138,AP ARQ. LOPEZ OTERO,78922,2018-01-06 19:00,4,0,0,4,4,3.1A,618.58
341,AP ARQ. LOPEZ OTERO,78922,2018-01-15 06:00,8,0,0,8,8,3.1A,618.58
475,AP ARQ. LOPEZ OTERO,78922,2018-01-20 20:00,4,0,0,4,4,3.1A,618.58
124,AP ARQ. LOPEZ OTERO,78922,2018-01-06 05:00,9,0,0,9,9,3.1A,618.58
700,AP ARQ. LOPEZ OTERO,78922,2018-01-30 05:00,9,0,0,9,9,3.1A,618.58
719,AP ARQ. LOPEZ OTERO,78922,2018-01-31 00:00,4,0,0,4,4,3.1A,618.58
69,AP ARQ. LOPEZ OTERO,78922,2018-01-03 22:00,8,0,0,8,8,3.1A,618.58
472,AP ARQ. LOPEZ OTERO,78922,2018-01-20 17:00,9,0,0,9,9,3.1A,618.58
197,AP ARQ. LOPEZ OTERO,78922,2018-01-09 06:00,9,0,0,9,9,3.1A,618.58
591,AP ARQ. LOPEZ OTERO,78922,2018-01-25 16:00,4,0,0,4,4,3.1A,618.58
848,AP ARQ. LOPEZ OTERO,78922,2018-02-05 09:00,4,0,0,4,4,3.1A,578.97
328,AP ARQ. LOPEZ OTERO,78922,2018-01-14 17:00,8,0,0,8,8,3.1A,618.58
275,AP ARQ. LOPEZ OTERO,78922,2018-01-12 12:00,3,0,0,3,3,3.1A,618.58
809,AP ARQ. LOPEZ OTERO,78922,2018-02-03 18:00,8,0,0,8,8,3.1A,578.97
64,AP ARQ. LOPEZ OTERO,78922,2018-01-03 17:00,3,0,0,3,3,3.1A,618.58
65,AP ARQ. LOPEZ OTERO,78922,2018-01-03 18:00,9,0,0,9,9,3.1A,618.58
85,AP ARQ. LOPEZ OTERO,78922,2018-01-04 14:00,4,0,0,4,4,3.1A,618.58
458,AP ARQ. LOPEZ OTERO,78922,2018-01-20 03:00,8,0,0,8,8,3.1A,618.58
377,AP ARQ. LOPEZ OTERO,78922,2018-01-16 18:00,8,0,0,8,8,3.1A,618.58
563,AP ARQ. LOPEZ OTERO,78922,2018-01-24 12:00,4,0,0,4,4,3.1A,618.58
179,AP ARQ. LOPEZ OTERO,78922,2018-01-08 12:00,3,0,0,3,3,3.1A,618.58
178,AP ARQ. LOPEZ OTERO,78922,2018-01-08 11:00,3,0,0,3,3,3.1A,618.58
652,AP ARQ. LOPEZ OTERO,78922,2018-01-28 05:00,9,0,0,9,9,3.1A,618.58
419,AP ARQ. LOPEZ OTERO,78922,2018-01-18 12:00,3,0,0,3,3,3.1A,618.58
198,AP ARQ. LOPEZ OTERO,78922,2018-01-09 07:00,8,0,0,8,8,3.1A,618.58
907,AP ARQ. LOPEZ OTERO,78922,2018-02-07 20:00,8,0,0,8,8,3.1A,578.97
864,AP ARQ. LOPEZ OTERO,78922,2018-02-06 01:00,8,0,0,8,8,3.1A,578.97
553,AP ARQ. LOPEZ OTERO,78922,2018-01-24 02:00,9,0,0,9,9,3.1A,618.58
554,AP ARQ. LOPEZ OTERO,78922,2018-01-24 03:00,9,0,0,9,9,3.1A,618.58
555,AP ARQ. LOPEZ OTERO,78922,2018-01-24 04:00,9,0,0,9,9,3.1A,618.58
361,AP ARQ. LOPEZ OTERO,78922,2018-01-16 02:00,9,0,0,9,9,3.1A,618.58
134,AP ARQ. LOPEZ OTERO,78922,2018-01-06 15:00,9,0,0,9,9,3.1A,618.58
787,AP ARQ. LOPEZ OTERO,78922,2018-02-02 20:00,9,0,0,9,9,3.1A,578.97
661,AP ARQ. LOPEZ OTERO,78922,2018-01-28 14:00,8,0,0,8,8,3.1A,618.58
354,AP ARQ. LOPEZ OTERO,78922,2018-01-15 19:00,8,0,0,8,8,3.1A,618.58
224,AP ARQ. LOPEZ OTERO,78922,2018-01-10 09:00,3,0,0,3,3,3.1A,618.58
246,AP ARQ. LOPEZ OTERO,78922,2018-01-11 07:00,8,0,0,8,8,3.1A,618.58
744,AP ARQ. LOPEZ OTERO,78922,2018-02-01 01:00,9,0,0,9,9,3.1A,578.97
576,AP ARQ. LOPEZ OTERO,78922,2018-01-25 01:00,8,0,0,8,8,3.1A,618.58
650,AP ARQ. LOPEZ OTERO,78922,2018-01-28 03:00,9,0,0,9,9,3.1A,618.58
444,AP ARQ. LOPEZ OTERO,78922,2018-01-19 13:00,3,0,0,3,3,3.1A,618.58
713,AP ARQ. LOPEZ OTERO,78922,2018-01-30 18:00,8,0,0,8,8,3.1A,618.58
54,AP ARQ. LOPEZ OTERO,78922,2018-01-03 07:00,8,0,0,8,8,3.1A,618.58
599,AP ARQ. LOPEZ OTERO,78922,2018-01-26 00:00,4,0,0,4,4,3.1A,618.58
596,AP ARQ. LOPEZ OTERO,78922,2018-01-25 21:00,9,0,0,9,9,3.1A,618.58
112,AP ARQ. LOPEZ OTERO,78922,2018-01-05 17:00,4,0,0,4,4,3.1A,618.58
8,AP ARQ. LOPEZ OTERO,78922,2018-01-01 09:00,8,0,0,8,8,3.1A,618.58
22,AP ARQ. LOPEZ OTERO,78922,2018-01-01 23:00,2,0,0,2,2,3.1A,618.58
421,AP ARQ. LOPEZ OTERO,78922,2018-01-18 14:00,4,0,0,4,4,3.1A,618.58
48,AP ARQ. LOPEZ OTERO,78922,2018-01-03 01:00,9,0,0,9,9,3.1A,618.58
356,AP ARQ. LOPEZ OTERO,78922,2018-01-15 21:00,9,0,0,9,9,3.1A,618.58
161,AP ARQ. LOPEZ OTERO,78922,2018-01-07 18:00,8,0,0,8,8,3.1A,618.58
230,AP ARQ. LOPEZ OTERO,78922,2018-01-10 15:00,4,0,0,4,4,3.1A,618.58
805,AP ARQ. LOPEZ OTERO,78922,2018-02-03 14:00,9,0,0,9,9,3.1A,578.97
632,AP ARQ. LOPEZ OTERO,78922,2018-01-27 09:00,8,0,0,8,8,3.1A,618.58
43,AP ARQ. LOPEZ OTERO,78922,2018-01-02 20:00,8,0,0,8,8,3.1A,618.58
810,AP ARQ. LOPEZ OTERO,78922,2018-02-03 19:00,4,0,0,4,4,3.1A,578.97
27,AP ARQ. LOPEZ OTERO,78922,2018-01-02 04:00,8,0,0,8,8,3.1A,618.58
762,AP ARQ. LOPEZ OTERO,78922,2018-02-01 19:00,9,0,0,9,9,3.1A,578.97
908,AP ARQ. LOPEZ OTERO,78922,2018-02-07 21:00,8,0,0,8,8,3.1A,578.97
42,AP ARQ. LOPEZ OTERO,78922,2018-01-02 19:00,8,0,0,8,8,3.1A,618.58
473,AP ARQ. LOPEZ OTERO,78922,2018-01-20 18:00,8,0,0,8,8,3.1A,618.58
825,AP ARQ. LOPEZ OTERO,78922,2018-02-04 10:00,8,0,0,8,8,3.1A,578.97
388,AP ARQ. LOPEZ OTERO,78922,2018-01-17 05:00,9,0,0,9,9,3.1A,618.58
401,AP ARQ. LOPEZ OTERO,78922,2018-01-17 18:00,9,0,0,9,9,3.1A,618.58
308,AP ARQ. LOPEZ OTERO,78922,2018-01-13 21:00,4,0,0,4,4,3.1A,618.58
316,AP ARQ. LOPEZ OTERO,78922,2018-01-14 05:00,9,0,0,9,9,3.1A,618.58
226,AP ARQ. LOPEZ OTERO,78922,2018-01-10 11:00,3,0,0,3,3,3.1A,618.58
91,AP ARQ. LOPEZ OTERO,78922,2018-01-04 20:00,9,0,0,9,9,3.1A,618.58
592,AP ARQ. LOPEZ OTERO,78922,2018-01-25 17:00,3,0,0,3,3,3.1A,618.58
323,AP ARQ. LOPEZ OTERO,78922,2018-01-14 12:00,8,0,0,8,8,3.1A,618.58
80,AP ARQ. LOPEZ OTERO,78922,2018-01-04 09:00,2,0,0,2,2,3.1A,618.58
365,AP ARQ. LOPEZ OTERO,78922,2018-01-16 06:00,9,0,0,9,9,3.1A,618.58
550,AP ARQ. LOPEZ OTERO,78922,2018-01-23 23:00,9,0,0,9,9,3.1A,618.58
551,AP ARQ. LOPEZ OTERO,78922,2018-01-24 00:00,4,0,0,4,4,3.1A,618.58
552,AP ARQ. LOPEZ OTERO,78922,2018-01-24 01:00,9,0,0,9,9,3.1A,618.58
380,AP ARQ. LOPEZ OTERO,78922,2018-01-16 21:00,9,0,0,9,9,3.1A,618.58
885,AP ARQ. LOPEZ OTERO,78922,2018-02-06 22:00,8,0,0,8,8,3.1A,578.97
130,AP ARQ. LOPEZ OTERO,78922,2018-01-06 11:00,9,0,0,9,9,3.1A,618.58
892,AP ARQ. LOPEZ OTERO,78922,2018-02-07 05:00,9,0,0,9,9,3.1A,578.97
646,AP ARQ. LOPEZ OTERO,78922,2018-01-27 23:00,3,0,0,3,3,3.1A,618.58
889,AP ARQ. LOPEZ OTERO,78922,2018-02-07 02:00,8,0,0,8,8,3.1A,578.97
788,AP ARQ. LOPEZ OTERO,78922,2018-02-02 21:00,9,0,0,9,9,3.1A,578.97
702,AP ARQ. LOPEZ OTERO,78922,2018-01-30 07:00,8,0,0,8,8,3.1A,618.58
871,AP ARQ. LOPEZ OTERO,78922,2018-02-06 08:00,8,0,0,8,8,3.1A,578.97
879,AP ARQ. LOPEZ OTERO,78922,2018-02-06 16:00,4,0,0,4,4,3.1A,578.97
40,AP ARQ. LOPEZ OTERO,78922,2018-01-02 17:00,2,0,0,2,2,3.1A,618.58
593,AP ARQ. LOPEZ OTERO,78922,2018-01-25 18:00,8,0,0,8,8,3.1A,618.58
158,AP ARQ. LOPEZ OTERO,78922,2018-01-07 15:00,9,0,0,9,9,3.1A,618.58
374,AP ARQ. LOPEZ OTERO,78922,2018-01-16 15:00,4,0,0,4,4,3.1A,618.58
37,AP ARQ. LOPEZ OTERO,78922,2018-01-02 14:00,3,0,0,3,3,3.1A,618.58
163,AP ARQ. LOPEZ OTERO,78922,2018-01-07 20:00,4,0,0,4,4,3.1A,618.58
680,AP ARQ. LOPEZ OTERO,78922,2018-01-29 09:00,3,0,0,3,3,3.1A,618.58
670,AP ARQ. LOPEZ OTERO,78922,2018-01-28 23:00,3,0,0,3,3,3.1A,618.58
829,AP ARQ. LOPEZ OTERO,78922,2018-02-04 14:00,8,0,0,8,8,3.1A,578.97
566,AP ARQ. LOPEZ OTERO,78922,2018-01-24 15:00,4,0,0,4,4,3.1A,618.58
104,AP ARQ. LOPEZ OTERO,78922,2018-01-05 09:00,3,0,0,3,3,3.1A,618.58
791,AP ARQ. LOPEZ OTERO,78922,2018-02-03 00:00,4,0,0,4,4,3.1A,578.97
466,AP ARQ. LOPEZ OTERO,78922,2018-01-20 11:00,8,0,0,8,8,3.1A,618.58
467,AP ARQ. LOPEZ OTERO,78922,2018-01-20 12:00,8,0,0,8,8,3.1A,618.58
49,AP ARQ. LOPEZ OTERO,78922,2018-01-03 02:00,9,0,0,9,9,3.1A,618.58
201,AP ARQ. LOPEZ OTERO,78922,2018-01-09 10:00,4,0,0,4,4,3.1A,618.58
50,AP ARQ. LOPEZ OTERO,78922,2018-01-03 03:00,9,0,0,9,9,3.1A,618.58
623,AP ARQ. LOPEZ OTERO,78922,2018-01-27 00:00,4,0,0,4,4,3.1A,618.58
187,AP ARQ. LOPEZ OTERO,78922,2018-01-08 20:00,8,0,0,8,8,3.1A,618.58
268,AP ARQ. LOPEZ OTERO,78922,2018-01-12 05:00,8,0,0,8,8,3.1A,618.58
269,AP ARQ. LOPEZ OTERO,78922,2018-01-12 06:00,8,0,0,8,8,3.1A,618.58
798,AP ARQ. LOPEZ OTERO,78922,2018-02-03 07:00,9,0,0,9,9,3.1A,578.97
86,AP ARQ. LOPEZ OTERO,78922,2018-01-04 15:00,4,0,0,4,4,3.1A,618.58
26,AP ARQ. LOPEZ OTERO,78922,2018-01-02 03:00,8,0,0,8,8,3.1A,618.58
60,AP ARQ. LOPEZ OTERO,78922,2018-01-03 13:00,3,0,0,3,3,3.1A,618.58
429,AP ARQ. LOPEZ OTERO,78922,2018-01-18 22:00,9,0,0,9,9,3.1A,618.58
430,AP ARQ. LOPEZ OTERO,78922,2018-01-18 23:00,9,0,0,9,9,3.1A,618.58
191,AP ARQ. LOPEZ OTERO,78922,2018-01-09 00:00,3,0,0,3,3,3.1A,618.58
859,AP ARQ. LOPEZ OTERO,78922,2018-02-05 20:00,8,0,0,8,8,3.1A,578.97
352,AP ARQ. LOPEZ OTERO,78922,2018-01-15 17:00,3,0,0,3,3,3.1A,618.58
176,AP ARQ. LOPEZ OTERO,78922,2018-01-08 09:00,3,0,0,3,3,3.1A,618.58
400,AP ARQ. LOPEZ OTERO,78922,2018-01-17 17:00,4,0,0,4,4,3.1A,618.58
66,AP ARQ. LOPEZ OTERO,78922,2018-01-03 19:00,9,0,0,9,9,3.1A,618.58
904,AP ARQ. LOPEZ OTERO,78922,2018-02-07 17:00,4,0,0,4,4,3.1A,578.97
768,AP ARQ. LOPEZ OTERO,78922,2018-02-02 01:00,9,0,0,9,9,3.1A,578.97
707,AP ARQ. LOPEZ OTERO,78922,2018-01-30 12:00,4,0,0,4,4,3.1A,618.58
135,AP ARQ. LOPEZ OTERO,78922,2018-01-06 16:00,8,0,0,8,8,3.1A,618.58
420,AP ARQ. LOPEZ OTERO,78922,2018-01-18 13:00,3,0,0,3,3,3.1A,618.58
468,AP ARQ. LOPEZ OTERO,78922,2018-01-20 13:00,8,0,0,8,8,3.1A,618.58
469,AP ARQ. LOPEZ OTERO,78922,2018-01-20 14:00,9,0,0,9,9,3.1A,618.58
470,AP ARQ. LOPEZ OTERO,78922,2018-01-20 15:00,9,0,0,9,9,3.1A,618.58
625,AP ARQ. LOPEZ OTERO,78922,2018-01-27 02:00,8,0,0,8,8,3.1A,618.58
738,AP ARQ. LOPEZ OTERO,78922,2018-01-31 19:00,9,0,0,9,9,3.1A,618.58
691,AP ARQ. LOPEZ OTERO,78922,2018-01-29 20:00,8,0,0,8,8,3.1A,618.58
305,AP ARQ. LOPEZ OTERO,78922,2018-01-13 18:00,8,0,0,8,8,3.1A,618.58
262,AP ARQ. LOPEZ OTERO,78922,2018-01-11 23:00,9,0,0,9,9,3.1A,618.58
376,AP ARQ. LOPEZ OTERO,78922,2018-01-16 17:00,3,0,0,3,3,3.1A,618.58
147,AP ARQ. LOPEZ OTERO,78922,2018-01-07 04:00,9,0,0,9,9,3.1A,618.58
821,AP ARQ. LOPEZ OTERO,78922,2018-02-04 06:00,9,0,0,9,9,3.1A,578.97
55,AP ARQ. LOPEZ OTERO,78922,2018-01-03 08:00,8,0,0,8,8,3.1A,618.58
585,AP ARQ. LOPEZ OTERO,78922,2018-01-25 10:00,3,0,0,3,3,3.1A,618.58
434,AP ARQ. LOPEZ OTERO,78922,2018-01-19 03:00,8,0,0,8,8,3.1A,618.58
435,AP ARQ. LOPEZ OTERO,78922,2018-01-19 04:00,8,0,0,8,8,3.1A,618.58
884,AP ARQ. LOPEZ OTERO,78922,2018-02-06 21:00,8,0,0,8,8,3.1A,578.97
315,AP ARQ. LOPEZ OTERO,78922,2018-01-14 04:00,9,0,0,9,9,3.1A,618.58
836,AP ARQ. LOPEZ OTERO,78922,2018-02-04 21:00,4,0,0,4,4,3.1A,578.97
565,AP ARQ. LOPEZ OTERO,78922,2018-01-24 14:00,4,0,0,4,4,3.1A,618.58
443,AP ARQ. LOPEZ OTERO,78922,2018-01-19 12:00,3,0,0,3,3,3.1A,618.58
603,AP ARQ. LOPEZ OTERO,78922,2018-01-26 04:00,8,0,0,8,8,3.1A,618.58
637,AP ARQ. LOPEZ OTERO,78922,2018-01-27 14:00,9,0,0,9,9,3.1A,618.58
575,AP ARQ. LOPEZ OTERO,78922,2018-01-25 00:00,4,0,0,4,4,3.1A,618.58
807,AP ARQ. LOPEZ OTERO,78922,2018-02-03 16:00,9,0,0,9,9,3.1A,578.97
11,AP ARQ. LOPEZ OTERO,78922,2018-01-01 12:00,8,0,0,8,8,3.1A,618.58
12,AP ARQ. LOPEZ OTERO,78922,2018-01-01 13:00,8,0,0,8,8,3.1A,618.58
913,AP ARQ. LOPEZ OTERO,78922,2018-02-08 02:00,8,0,0,8,8,3.1A,578.97
185,AP ARQ. LOPEZ OTERO,78922,2018-01-08 18:00,8,0,0,8,8,3.1A,618.58
123,AP ARQ. LOPEZ OTERO,78922,2018-01-06 04:00,9,0,0,9,9,3.1A,618.58
214,AP ARQ. LOPEZ OTERO,78922,2018-01-09 23:00,9,0,0,9,9,3.1A,618.58
770,AP ARQ. LOPEZ OTERO,78922,2018-02-02 03:00,9,0,0,9,9,3.1A,578.97
830,AP ARQ. LOPEZ OTERO,78922,2018-02-04 15:00,8,0,0,8,8,3.1A,578.97
729,AP ARQ. LOPEZ OTERO,78922,2018-01-31 10:00,4,0,0,4,4,3.1A,618.58
133,AP ARQ. LOPEZ OTERO,78922,2018-01-06 14:00,8,0,0,8,8,3.1A,618.58
745,AP ARQ. LOPEZ OTERO,78922,2018-02-01 02:00,9,0,0,9,9,3.1A,578.97
108,AP ARQ. LOPEZ OTERO,78922,2018-01-05 13:00,3,0,0,3,3,3.1A,618.58
881,AP ARQ. LOPEZ OTERO,78922,2018-02-06 18:00,8,0,0,8,8,3.1A,578.97
802,AP ARQ. LOPEZ OTERO,78922,2018-02-03 11:00,8,0,0,8,8,3.1A,578.97
329,AP ARQ. LOPEZ OTERO,78922,2018-01-14 18:00,8,0,0,8,8,3.1A,618.58
82,AP ARQ. LOPEZ OTERO,78922,2018-01-04 11:00,2,0,0,2,2,3.1A,618.58
313,AP ARQ. LOPEZ OTERO,78922,2018-01-14 02:00,9,0,0,9,9,3.1A,618.58
44,AP ARQ. LOPEZ OTERO,78922,2018-01-02 21:00,8,0,0,8,8,3.1A,618.58
614,AP ARQ. LOPEZ OTERO,78922,2018-01-26 15:00,4,0,0,4,4,3.1A,618.58
628,AP ARQ. LOPEZ OTERO,78922,2018-01-27 05:00,8,0,0,8,8,3.1A,618.58
608,AP ARQ. LOPEZ OTERO,78922,2018-01-26 09:00,3,0,0,3,3,3.1A,618.58
186,AP ARQ. LOPEZ OTERO,78922,2018-01-08 19:00,8,0,0,8,8,3.1A,618.58
382,AP ARQ. LOPEZ OTERO,78922,2018-01-16 23:00,9,0,0,9,9,3.1A,618.58
383,AP ARQ. LOPEZ OTERO,78922,2018-01-17 00:00,4,0,0,4,4,3.1A,618.58
476,AP ARQ. LOPEZ OTERO,78922,2018-01-20 21:00,4,0,0,4,4,3.1A,618.58
363,AP ARQ. LOPEZ OTERO,78922,2018-01-16 04:00,8,0,0,8,8,3.1A,618.58
639,AP ARQ. LOPEZ OTERO,78922,2018-01-27 16:00,9,0,0,9,9,3.1A,618.58
276,AP ARQ. LOPEZ OTERO,78922,2018-01-12 13:00,3,0,0,3,3,3.1A,618.58
814,AP ARQ. LOPEZ OTERO,78922,2018-02-03 23:00,4,0,0,4,4,3.1A,578.97
292,AP ARQ. LOPEZ OTERO,78922,2018-01-13 05:00,8,0,0,8,8,3.1A,618.58
19,AP ARQ. LOPEZ OTERO,78922,2018-01-01 20:00,3,0,0,3,3,3.1A,618.58
221,AP ARQ. LOPEZ OTERO,78922,2018-01-10 06:00,8,0,0,8,8,3.1A,618.58
184,AP ARQ. LOPEZ OTERO,78922,2018-01-08 17:00,3,0,0,3,3,3.1A,618.58
398,AP ARQ. LOPEZ OTERO,78922,2018-01-17 15:00,4,0,0,4,4,3.1A,618.58
154,AP ARQ. LOPEZ OTERO,78922,2018-01-07 11:00,9,0,0,9,9,3.1A,618.58
212,AP ARQ. LOPEZ OTERO,78922,2018-01-09 21:00,9,0,0,9,9,3.1A,618.58
170,AP ARQ. LOPEZ OTERO,78922,2018-01-08 03:00,8,0,0,8,8,3.1A,618.58
751,AP ARQ. LOPEZ OTERO,78922,2018-02-01 08:00,9,0,0,9,9,3.1A,578.97
95,AP ARQ. LOPEZ OTERO,78922,2018-01-05 00:00,4,0,0,4,4,3.1A,618.58
247,AP ARQ. LOPEZ OTERO,78922,2018-01-11 08:00,8,0,0,8,8,3.1A,618.58
215,AP ARQ. LOPEZ OTERO,78922,2018-01-10 00:00,4,0,0,4,4,3.1A,618.58
775,AP ARQ. LOPEZ OTERO,78922,2018-02-02 08:00,9,0,0,9,9,3.1A,578.97
728,AP ARQ. LOPEZ OTERO,78922,2018-01-31 09:00,3,0,0,3,3,3.1A,618.58
407,AP ARQ. LOPEZ OTERO,78922,2018-01-18 00:00,4,0,0,4,4,3.1A,618.58
866,AP ARQ. LOPEZ OTERO,78922,2018-02-06 03:00,8,0,0,8,8,3.1A,578.97
273,AP ARQ. LOPEZ OTERO,78922,2018-01-12 10:00,4,0,0,4,4,3.1A,618.58
87,AP ARQ. LOPEZ OTERO,78922,2018-01-04 16:00,4,0,0,4,4,3.1A,618.58
852,AP ARQ. LOPEZ OTERO,78922,2018-02-05 13:00,4,0,0,4,4,3.1A,578.97
425,AP ARQ. LOPEZ OTERO,78922,2018-01-18 18:00,8,0,0,8,8,3.1A,618.58
204,AP ARQ. LOPEZ OTERO,78922,2018-01-09 13:00,4,0,0,4,4,3.1A,618.58
343,AP ARQ. LOPEZ OTERO,78922,2018-01-15 08:00,8,0,0,8,8,3.1A,618.58
849,AP ARQ. LOPEZ OTERO,78922,2018-02-05 10:00,4,0,0,4,4,3.1A,578.97
145,AP ARQ. LOPEZ OTERO,78922,2018-01-07 02:00,9,0,0,9,9,3.1A,618.58
122,AP ARQ. LOPEZ OTERO,78922,2018-01-06 03:00,9,0,0,9,9,3.1A,618.58
710,AP ARQ. LOPEZ OTERO,78922,2018-01-30 15:00,4,0,0,4,4,3.1A,618.58
655,AP ARQ. LOPEZ OTERO,78922,2018-01-28 08:00,8,0,0,8,8,3.1A,618.58
340,AP ARQ. LOPEZ OTERO,78922,2018-01-15 05:00,8,0,0,8,8,3.1A,618.58
877,AP ARQ. LOPEZ OTERO,78922,2018-02-06 14:00,4,0,0,4,4,3.1A,578.97
454,AP ARQ. LOPEZ OTERO,78922,2018-01-19 23:00,8,0,0,8,8,3.1A,618.58
612,AP ARQ. LOPEZ OTERO,78922,2018-01-26 13:00,3,0,0,3,3,3.1A,618.58
304,AP ARQ. LOPEZ OTERO,78922,2018-01-13 17:00,9,0,0,9,9,3.1A,618.58
666,AP ARQ. LOPEZ OTERO,78922,2018-01-28 19:00,4,0,0,4,4,3.1A,618.58
-1,centro,id,fecha,consumo,reactiva,co2,potenciamax,potenciaact,tarifa,coste
0,AP ARQ. LOPEZ OTERO,78922,2018-01-01 01:00,10,0,0,10,10,3.1A,618.58
1,AP ARQ. LOPEZ OTERO,78922,2018-01-01 02:00,10,0,0,10,10,3.1A,618.58
2,AP ARQ. LOPEZ OTERO,78922,2018-01-01 03:00,10,0,0,10,10,3.1A,618.58
3,AP ARQ. LOPEZ OTERO,78922,2018-01-01 04:00,10,0,0,10,10,3.1A,618.58
4,AP ARQ. LOPEZ OTERO,78922,2018-01-01 05:00,9,0,0,9,9,3.1A,618.58
70,AP ARQ. LOPEZ OTERO,78922,2018-01-03 23:00,9,0,0,9,9,3.1A,618.58
378,AP ARQ. LOPEZ OTERO,78922,2018-01-16 19:00,9,0,0,9,9,3.1A,618.58
381,AP ARQ. LOPEZ OTERO,78922,2018-01-16 22:00,9,0,0,9,9,3.1A,618.58
235,AP ARQ. LOPEZ OTERO,78922,2018-01-10 20:00,9,0,0,9,9,3.1A,618.58
799,AP ARQ. LOPEZ OTERO,78922,2018-02-03 08:00,8,0,0,8,8,3.1A,578.97
863,AP ARQ. LOPEZ OTERO,78922,2018-02-06 00:00,4,0,0,4,4,3.1A,578.97
800,AP ARQ. LOPEZ OTERO,78922,2018-02-03 09:00,8,0,0,8,8,3.1A,578.97
717,AP ARQ. LOPEZ OTERO,78922,2018-01-30 22:00,9,0,0,9,9,3.1A,618.58
298,AP ARQ. LOPEZ OTERO,78922,2018-01-13 11:00,8,0,0,8,8,3.1A,618.58
404,AP ARQ. LOPEZ OTERO,78922,2018-01-17 21:00,9,0,0,9,9,3.1A,618.58
414,AP ARQ. LOPEZ OTERO,78922,2018-01-18 07:00,8,0,0,8,8,3.1A,618.58
199,AP ARQ. LOPEZ OTERO,78922,2018-01-09 08:00,8,0,0,8,8,3.1A,618.58
98,AP ARQ. LOPEZ OTERO,78922,2018-01-05 03:00,8,0,0,8,8,3.1A,618.58
658,AP ARQ. LOPEZ OTERO,78922,2018-01-28 11:00,9,0,0,9,9,3.1A,618.58
750,AP ARQ. LOPEZ OTERO,78922,2018-02-01 07:00,9,0,0,9,9,3.1A,578.97
188,AP ARQ. LOPEZ OTERO,78922,2018-01-08 21:00,9,0,0,9,9,3.1A,618.58
5,AP ARQ. LOPEZ OTERO,78922,2018-01-01 06:00,9,0,0,9,9,3.1A,618.58
358,AP ARQ. LOPEZ OTERO,78922,2018-01-15 23:00,8,0,0,8,8,3.1A,618.58
208,AP ARQ. LOPEZ OTERO,78922,2018-01-09 17:00,3,0,0,3,3,3.1A,618.58
677,AP ARQ. LOPEZ OTERO,78922,2018-01-29 06:00,8,0,0,8,8,3.1A,618.58
231,AP ARQ. LOPEZ OTERO,78922,2018-01-10 16:00,4,0,0,4,4,3.1A,618.58
279,AP ARQ. LOPEZ OTERO,78922,2018-01-12 16:00,4,0,0,4,4,3.1A,618.58
668,AP ARQ. LOPEZ OTERO,78922,2018-01-28 21:00,4,0,0,4,4,3.1A,618.58
589,AP ARQ. LOPEZ OTERO,78922,2018-01-25 14:00,4,0,0,4,4,3.1A,618.58
84,AP ARQ. LOPEZ OTERO,78922,2018-01-04 13:00,2,0,0,2,2,3.1A,618.58
837,AP ARQ. LOPEZ OTERO,78922,2018-02-04 22:00,4,0,0,4,4,3.1A,578.97
736,AP ARQ. LOPEZ OTERO,78922,2018-01-31 17:00,4,0,0,4,4,3.1A,618.58
409,AP ARQ. LOPEZ OTERO,78922,2018-01-18 02:00,8,0,0,8,8,3.1A,618.58
33,AP ARQ. LOPEZ OTERO,78922,2018-01-02 10:00,3,0,0,3,3,3.1A,618.58
899,AP ARQ. LOPEZ OTERO,78922,2018-02-07 12:00,4,0,0,4,4,3.1A,578.97
586,AP ARQ. LOPEZ OTERO,78922,2018-01-25 11:00,3,0,0,3,3,3.1A,618.58
678,AP ARQ. LOPEZ OTERO,78922,2018-01-29 07:00,8,0,0,8,8,3.1A,618.58
906,AP ARQ. LOPEZ OTERO,78922,2018-02-07 19:00,8,0,0,8,8,3.1A,578.97
274,AP ARQ. LOPEZ OTERO,78922,2018-01-12 11:00,3,0,0,3,3,3.1A,618.58
876,AP ARQ. LOPEZ OTERO,78922,2018-02-06 13:00,4,0,0,4,4,3.1A,578.97
753,AP ARQ. LOPEZ OTERO,78922,2018-02-01 10:00,4,0,0,4,4,3.1A,578.97
209,AP ARQ. LOPEZ OTERO,78922,2018-01-09 18:00,8,0,0,8,8,3.1A,618.58
182,AP ARQ. LOPEZ OTERO,78922,2018-01-08 15:00,3,0,0,3,3,3.1A,618.58
771,AP ARQ. LOPEZ OTERO,78922,2018-02-02 04:00,9,0,0,9,9,3.1A,578.97
671,AP ARQ. LOPEZ OTERO,78922,2018-01-29 00:00,4,0,0,4,4,3.1A,618.58
897,AP ARQ. LOPEZ OTERO,78922,2018-02-07 10:00,4,0,0,4,4,3.1A,578.97
450,AP ARQ. LOPEZ OTERO,78922,2018-01-19 19:00,9,0,0,9,9,3.1A,618.58
669,AP ARQ. LOPEZ OTERO,78922,2018-01-28 22:00,4,0,0,4,4,3.1A,618.58
733,AP ARQ. LOPEZ OTERO,78922,2018-01-31 14:00,4,0,0,4,4,3.1A,618.58
851,AP ARQ. LOPEZ OTERO,78922,2018-02-05 12:00,4,0,0,4,4,3.1A,578.97
58,AP ARQ. LOPEZ OTERO,78922,2018-01-03 11:00,2,0,0,2,2,3.1A,618.58
616,AP ARQ. LOPEZ OTERO,78922,2018-01-26 17:00,4,0,0,4,4,3.1A,618.58
287,AP ARQ. LOPEZ OTERO,78922,2018-01-13 00:00,4,0,0,4,4,3.1A,618.58
741,AP ARQ. LOPEZ OTERO,78922,2018-01-31 22:00,8,0,0,8,8,3.1A,618.58
474,AP ARQ. LOPEZ OTERO,78922,2018-01-20 19:00,4,0,0,4,4,3.1A,618.58
115,AP ARQ. LOPEZ OTERO,78922,2018-01-05 20:00,9,0,0,9,9,3.1A,618.58
143,AP ARQ. LOPEZ OTERO,78922,2018-01-07 00:00,4,0,0,4,4,3.1A,618.58
144,AP ARQ. LOPEZ OTERO,78922,2018-01-07 01:00,9,0,0,9,9,3.1A,618.58
457,AP ARQ. LOPEZ OTERO,78922,2018-01-20 02:00,8,0,0,8,8,3.1A,618.58
567,AP ARQ. LOPEZ OTERO,78922,2018-01-24 16:00,4,0,0,4,4,3.1A,618.58
267,AP ARQ. LOPEZ OTERO,78922,2018-01-12 04:00,8,0,0,8,8,3.1A,618.58
722,AP ARQ. LOPEZ OTERO,78922,2018-01-31 03:00,9,0,0,9,9,3.1A,618.58
564,AP ARQ. LOPEZ OTERO,78922,2018-01-24 13:00,4,0,0,4,4,3.1A,618.58
10,AP ARQ. LOPEZ OTERO,78922,2018-01-01 11:00,9,0,0,9,9,3.1A,618.58
225,AP ARQ. LOPEZ OTERO,78922,2018-01-10 10:00,4,0,0,4,4,3.1A,618.58
83,AP ARQ. LOPEZ OTERO,78922,2018-01-04 12:00,2,0,0,2,2,3.1A,618.58
715,AP ARQ. LOPEZ OTERO,78922,2018-01-30 20:00,9,0,0,9,9,3.1A,618.58
431,AP ARQ. LOPEZ OTERO,78922,2018-01-19 00:00,4,0,0,4,4,3.1A,618.58
909,AP ARQ. LOPEZ OTERO,78922,2018-02-07 22:00,8,0,0,8,8,3.1A,578.97
255,AP ARQ. LOPEZ OTERO,78922,2018-01-11 16:00,4,0,0,4,4,3.1A,618.58
905,AP ARQ. LOPEZ OTERO,78922,2018-02-07 18:00,8,0,0,8,8,3.1A,578.97
300,AP ARQ. LOPEZ OTERO,78922,2018-01-13 13:00,8,0,0,8,8,3.1A,618.58
96,AP ARQ. LOPEZ OTERO,78922,2018-01-05 01:00,8,0,0,8,8,3.1A,618.58
747,AP ARQ. LOPEZ OTERO,78922,2018-02-01 04:00,9,0,0,9,9,3.1A,578.97
148,AP ARQ. LOPEZ OTERO,78922,2018-01-07 05:00,9,0,0,9,9,3.1A,618.58
396,AP ARQ. LOPEZ OTERO,78922,2018-01-17 13:00,4,0,0,4,4,3.1A,618.58
207,AP ARQ. LOPEZ OTERO,78922,2018-01-09 16:00,4,0,0,4,4,3.1A,618.58
484,AP ARQ. LOPEZ OTERO,78922,2018-01-21 05:00,9,0,0,9,9,3.1A,618.58
485,AP ARQ. LOPEZ OTERO,78922,2018-01-21 06:00,9,0,0,9,9,3.1A,618.58
817,AP ARQ. LOPEZ OTERO,78922,2018-02-04 02:00,9,0,0,9,9,3.1A,578.97
853,AP ARQ. LOPEZ OTERO,78922,2018-02-05 14:00,4,0,0,4,4,3.1A,578.97
452,AP ARQ. LOPEZ OTERO,78922,2018-01-19 21:00,9,0,0,9,9,3.1A,618.58
310,AP ARQ. LOPEZ OTERO,78922,2018-01-13 23:00,3,0,0,3,3,3.1A,618.58
92,AP ARQ. LOPEZ OTERO,78922,2018-01-04 21:00,9,0,0,9,9,3.1A,618.58
895,AP ARQ. LOPEZ OTERO,78922,2018-02-07 08:00,8,0,0,8,8,3.1A,578.97
317,AP ARQ. LOPEZ OTERO,78922,2018-01-14 06:00,9,0,0,9,9,3.1A,618.58
573,AP ARQ. LOPEZ OTERO,78922,2018-01-24 22:00,8,0,0,8,8,3.1A,618.58
131,AP ARQ. LOPEZ OTERO,78922,2018-01-06 12:00,8,0,0,8,8,3.1A,618.58
672,AP ARQ. LOPEZ OTERO,78922,2018-01-29 01:00,7,0,0,7,7,3.1A,618.58
602,AP ARQ. LOPEZ OTERO,78922,2018-01-26 03:00,8,0,0,8,8,3.1A,618.58
687,AP ARQ. LOPEZ OTERO,78922,2018-01-29 16:00,3,0,0,3,3,3.1A,618.58
724,AP ARQ. LOPEZ OTERO,78922,2018-01-31 05:00,9,0,0,9,9,3.1A,618.58
620,AP ARQ. LOPEZ OTERO,78922,2018-01-26 21:00,9,0,0,9,9,3.1A,618.58
461,AP ARQ. LOPEZ OTERO,78922,2018-01-20 06:00,8,0,0,8,8,3.1A,618.58
696,AP ARQ. LOPEZ OTERO,78922,2018-01-30 01:00,9,0,0,9,9,3.1A,618.58
649,AP ARQ. LOPEZ OTERO,78922,2018-01-28 02:00,9,0,0,9,9,3.1A,618.58
16,AP ARQ. LOPEZ OTERO,78922,2018-01-01 17:00,8,0,0,8,8,3.1A,618.58
257,AP ARQ. LOPEZ OTERO,78922,2018-01-11 18:00,8,0,0,8,8,3.1A,618.58
174,AP ARQ. LOPEZ OTERO,78922,2018-01-08 07:00,8,0,0,8,8,3.1A,618.58
357,AP ARQ. LOPEZ OTERO,78922,2018-01-15 22:00,9,0,0,9,9,3.1A,618.58
763,AP ARQ. LOPEZ OTERO,78922,2018-02-01 20:00,9,0,0,9,9,3.1A,578.97
453,AP ARQ. LOPEZ OTERO,78922,2018-01-19 22:00,9,0,0,9,9,3.1A,618.58
481,AP ARQ. LOPEZ OTERO,78922,2018-01-21 02:00,9,0,0,9,9,3.1A,618.58
587,AP ARQ. LOPEZ OTERO,78922,2018-01-25 12:00,3,0,0,3,3,3.1A,618.58
841,AP ARQ. LOPEZ OTERO,78922,2018-02-05 02:00,8,0,0,8,8,3.1A,578.97
399,AP ARQ. LOPEZ OTERO,78922,2018-01-17 16:00,4,0,0,4,4,3.1A,618.58
912,AP ARQ. LOPEZ OTERO,78922,2018-02-08 01:00,8,0,0,8,8,3.1A,578.97
345,AP ARQ. LOPEZ OTERO,78922,2018-01-15 10:00,3,0,0,3,3,3.1A,618.58
725,AP ARQ. LOPEZ OTERO,78922,2018-01-31 06:00,8,0,0,8,8,3.1A,618.58
582,AP ARQ. LOPEZ OTERO,78922,2018-01-25 07:00,8,0,0,8,8,3.1A,618.58
206,AP ARQ. LOPEZ OTERO,78922,2018-01-09 15:00,4,0,0,4,4,3.1A,618.58
579,AP ARQ. LOPEZ OTERO,78922,2018-01-25 04:00,8,0,0,8,8,3.1A,618.58
557,AP ARQ. LOPEZ OTERO,78922,2018-01-24 06:00,8,0,0,8,8,3.1A,618.58
558,AP ARQ. LOPEZ OTERO,78922,2018-01-24 07:00,8,0,0,8,8,3.1A,618.58
695,AP ARQ. LOPEZ OTERO,78922,2018-01-30 00:00,3,0,0,3,3,3.1A,618.58
681,AP ARQ. LOPEZ OTERO,78922,2018-01-29 10:00,3,0,0,3,3,3.1A,618.58
447,AP ARQ. LOPEZ OTERO,78922,2018-01-19 16:00,4,0,0,4,4,3.1A,618.58
213,AP ARQ. LOPEZ OTERO,78922,2018-01-09 22:00,9,0,0,9,9,3.1A,618.58
137,AP ARQ. LOPEZ OTERO,78922,2018-01-06 18:00,8,0,0,8,8,3.1A,618.58
368,AP ARQ. LOPEZ OTERO,78922,2018-01-16 09:00,4,0,0,4,4,3.1A,618.58
337,AP ARQ. LOPEZ OTERO,78922,2018-01-15 02:00,8,0,0,8,8,3.1A,618.58
241,AP ARQ. LOPEZ OTERO,78922,2018-01-11 02:00,8,0,0,8,8,3.1A,618.58
638,AP ARQ. LOPEZ OTERO,78922,2018-01-27 15:00,9,0,0,9,9,3.1A,618.58
270,AP ARQ. LOPEZ OTERO,78922,2018-01-12 07:00,9,0,0,9,9,3.1A,618.58
761,AP ARQ. LOPEZ OTERO,78922,2018-02-01 18:00,9,0,0,9,9,3.1A,578.97
693,AP ARQ. LOPEZ OTERO,78922,2018-01-29 22:00,9,0,0,9,9,3.1A,618.58
784,AP ARQ. LOPEZ OTERO,78922,2018-02-02 17:00,4,0,0,4,4,3.1A,578.97
422,AP ARQ. LOPEZ OTERO,78922,2018-01-18 15:00,4,0,0,4,4,3.1A,618.58
114,AP ARQ. LOPEZ OTERO,78922,2018-01-05 19:00,9,0,0,9,9,3.1A,618.58
118,AP ARQ. LOPEZ OTERO,78922,2018-01-05 23:00,8,0,0,8,8,3.1A,618.58
869,AP ARQ. LOPEZ OTERO,78922,2018-02-06 06:00,9,0,0,9,9,3.1A,578.97
173,AP ARQ. LOPEZ OTERO,78922,2018-01-08 06:00,8,0,0,8,8,3.1A,618.58
171,AP ARQ. LOPEZ OTERO,78922,2018-01-08 04:00,9,0,0,9,9,3.1A,618.58
21,AP ARQ. LOPEZ OTERO,78922,2018-01-01 22:00,3,0,0,3,3,3.1A,618.58
406,AP ARQ. LOPEZ OTERO,78922,2018-01-17 23:00,9,0,0,9,9,3.1A,618.58
278,AP ARQ. LOPEZ OTERO,78922,2018-01-12 15:00,4,0,0,4,4,3.1A,618.58
754,AP ARQ. LOPEZ OTERO,78922,2018-02-01 11:00,4,0,0,4,4,3.1A,578.97
355,AP ARQ. LOPEZ OTERO,78922,2018-01-15 20:00,8,0,0,8,8,3.1A,618.58
120,AP ARQ. LOPEZ OTERO,78922,2018-01-06 01:00,9,0,0,9,9,3.1A,618.58
397,AP ARQ. LOPEZ OTERO,78922,2018-01-17 14:00,4,0,0,4,4,3.1A,618.58
846,AP ARQ. LOPEZ OTERO,78922,2018-02-05 07:00,8,0,0,8,8,3.1A,578.97
